grid_id,kecamatan,cell_area_m2,bangunan_m2,hijau_m2,jalan_m,road_km_per_km2,building_area_pct,green_area_pct,ratio_green_building,ratio_road_building,score,kategori_emisi,wilayah
1,Wirobrajan,133.4239244897467,0.0,0.0,37.63721387548084,282.0874443576509,0.0,0.0,0.0,37.63721387548084,0.3,Tinggi,Yogyakarta
2,Wirobrajan,182237.7858447974,0.0,0.0,2479.222605508038,13.60432796093926,0.0,0.0,0.0,2479.222605508038,0.06769850340189693,Rendah,Yogyakarta
3,Wirobrajan,217144.2651191815,0.0,0.0,2209.3378950408905,10.174516438775283,0.0,0.0,0.0,2209.3378950408905,0.05063091228914545,Rendah,Yogyakarta
4,Wirobrajan,103903.39410734225,0.0,0.0,1216.8445706999548,11.711307230665025,0.0,0.0,0.0,1216.8445706999548,0.05827836367016675,Rendah,Yogyakarta
5,Wirobrajan,52447.42846550868,0.0,0.0,376.1788972703346,7.1724945965219895,0.0,0.0,0.0,376.1788972703346,0.03569210851406195,Rendah,Yogyakarta
6,Wirobrajan,8158.901842125656,0.0,0.0,54.120780938635775,6.633341347385983,0.0,0.0,0.0,54.120780938635775,0.03300914849019483,Rendah,Yogyakarta
6,Wirobrajan,8158.901842125656,0.0,0.0,54.120780938635775,6.633341347385983,0.0,0.0,0.0,54.120780938635775,0.03300914849019483,Rendah,Yogyakarta
6,Tegalrejo,8158.901842125656,0.0,0.0,54.120780938635775,6.633341347385983,0.0,0.0,0.0,54.120780938635775,0.03300914849019483,Rendah,Yogyakarta
6,Tegalrejo,8158.901842125656,0.0,0.0,54.120780938635775,6.633341347385983,0.0,0.0,0.0,54.120780938635775,0.03300914849019483,Rendah,Yogyakarta
7,Mantrijeron,85637.45458242849,0.0,0.0,1222.8270697463952,14.27911508707197,0.0,0.0,0.0,1222.8270697463952,0.07105641117104318,Rendah,Yogyakarta
8,Mantrijeron,148955.55598820338,0.0,0.0,2183.3872553353917,14.657977950874864,0.0,0.0,0.0,2183.3872553353917,0.07294172656094369,Rendah,Yogyakarta
9,Mantrijeron,111764.64845160116,0.0,0.0,2685.227282618953,24.025730137573603,0.0,0.0,0.0,2685.227282618953,0.11955798023405545,Sedang,Yogyakarta
9,Mantrijeron,111764.64845160116,0.0,0.0,2685.227282618953,24.025730137573603,0.0,0.0,0.0,2685.227282618953,0.11955798023405545,Sedang,Yogyakarta
9,Wirobrajan,111764.64845160116,0.0,0.0,2685.227282618953,24.025730137573603,0.0,0.0,0.0,2685.227282618953,0.11955798023405545,Sedang,Yogyakarta
9,Wirobrajan,111764.64845160116,0.0,0.0,2685.227282618953,24.025730137573603,0.0,0.0,0.0,2685.227282618953,0.11955798023405545,Sedang,Yogyakarta
10,Mantrijeron,250000.0,0.0,0.0,5547.3938148935795,22.18957525957432,0.0,0.0,0.0,5547.3938148935795,0.11042081905920371,Sedang,Yogyakarta
10,Mantrijeron,250000.0,0.0,0.0,5547.3938148935795,22.18957525957432,0.0,0.0,0.0,5547.3938148935795,0.11042081905920371,Sedang,Yogyakarta
10,Wirobrajan,250000.0,0.0,0.0,5547.3938148935795,22.18957525957432,0.0,0.0,0.0,5547.3938148935795,0.11042081905920371,Sedang,Yogyakarta
10,Wirobrajan,250000.0,0.0,0.0,5547.3938148935795,22.18957525957432,0.0,0.0,0.0,5547.3938148935795,0.11042081905920371,Sedang,Yogyakarta
11,Mantrijeron,250000.0,0.0,23969.161132352834,5856.841227626794,23.427364910507176,0.0,9.587664452941134,23969.161132352834,5856.841227626794,0.0393409792635957,Rendah,Yogyakarta
11,Mantrijeron,250000.0,0.0,23969.161132352834,5856.841227626794,23.427364910507176,0.0,9.587664452941134,23969.161132352834,5856.841227626794,0.0393409792635957,Rendah,Yogyakarta
11,Wirobrajan,250000.0,0.0,23969.161132352834,5856.841227626794,23.427364910507176,0.0,9.587664452941134,23969.161132352834,5856.841227626794,0.0393409792635957,Rendah,Yogyakarta
11,Wirobrajan,250000.0,0.0,23969.161132352834,5856.841227626794,23.427364910507176,0.0,9.587664452941134,23969.161132352834,5856.841227626794,0.0393409792635957,Rendah,Yogyakarta
12,Wirobrajan,250000.0,0.0,0.0,2473.440837159689,9.893763348638757,0.0,0.0,0.0,2473.440837159689,0.04923381541804147,Rendah,Yogyakarta
13,Wirobrajan,248790.31277807226,0.0,0.0,3655.1373652641655,14.691638611044505,0.0,0.0,0.0,3655.1373652641655,0.07310923033794373,Rendah,Yogyakarta
14,Wirobrajan,241862.67833185894,0.0,0.0,6676.511037107575,27.604552645971932,0.0,0.0,0.0,6676.511037107575,0.13736708689887758,Sedang,Yogyakarta
14,Wirobrajan,241862.67833185894,0.0,0.0,6676.511037107575,27.604552645971932,0.0,0.0,0.0,6676.511037107575,0.13736708689887758,Sedang,Yogyakarta
14,Tegalrejo,241862.67833185894,0.0,0.0,6676.511037107575,27.604552645971932,0.0,0.0,0.0,6676.511037107575,0.13736708689887758,Sedang,Yogyakarta
14,Tegalrejo,241862.67833185894,0.0,0.0,6676.511037107575,27.604552645971932,0.0,0.0,0.0,6676.511037107575,0.13736708689887758,Sedang,Yogyakarta
15,Tegalrejo,206952.38141922225,0.0,0.0,2468.036813109455,11.925626543576548,0.0,0.0,0.0,2468.036813109455,0.059344869621500144,Rendah,Yogyakarta
16,Tegalrejo,173176.2993040789,0.0,0.0,1998.080157082324,11.537838405785026,0.0,0.0,0.0,1998.080157082324,0.05741513985896639,Rendah,Yogyakarta
17,Tegalrejo,147235.85062988425,0.0,0.0,1586.0681679651307,10.772296021518068,0.0,0.0,0.0,1586.0681679651307,0.0536056114607687,Rendah,Yogyakarta
18,Tegalrejo,155636.68424660663,0.0,0.0,1570.8112970024408,10.092808804083022,0.0,0.0,0.0,1570.8112970024408,0.05022431487389224,Rendah,Yogyakarta
19,Tegalrejo,71627.03673187939,0.0,0.0,605.2615536866912,8.450182798324597,0.0,0.0,0.0,605.2615536866912,0.042050201271355746,Rendah,Yogyakarta
20,Tegalrejo,11222.898447963817,0.0,0.0,197.71977829635253,17.617532512933415,0.0,0.0,0.0,197.71977829635253,0.08766920263788675,Sedang,Yogyakarta
21,Mantrijeron,219215.32623128436,0.0,0.0,2842.8225769091277,12.968174378053256,0.0,0.0,0.0,2842.8225769091277,0.0645328457068759,Rendah,Yogyakarta
22,Mantrijeron,250000.0,0.0,0.0,3939.000725258653,15.756002901034611,0.0,0.0,0.0,3939.000725258653,0.0784057705061637,Rendah,Yogyakarta
23,Mantrijeron,250000.0,0.0,0.0,6783.9977327987435,27.135990931194975,0.0,0.0,0.0,6783.9977327987435,0.13503540782344634,Sedang,Yogyakarta
23,Mantrijeron,250000.0,0.0,0.0,6783.9977327987435,27.135990931194975,0.0,0.0,0.0,6783.9977327987435,0.13503540782344634,Sedang,Yogyakarta
23,Kraton,250000.0,0.0,0.0,6783.9977327987435,27.135990931194975,0.0,0.0,0.0,6783.9977327987435,0.13503540782344634,Sedang,Yogyakarta
23,Kraton,250000.0,0.0,0.0,6783.9977327987435,27.135990931194975,0.0,0.0,0.0,6783.9977327987435,0.13503540782344634,Sedang,Yogyakarta
24,Mantrijeron,250000.0,0.0,0.0,12169.343811708706,48.67737524683483,0.0,0.0,0.0,12169.343811708706,0.24223066829945367,Tinggi,Yogyakarta
24,Mantrijeron,250000.0,0.0,0.0,12169.343811708706,48.67737524683483,0.0,0.0,0.0,12169.343811708706,0.24223066829945367,Tinggi,Yogyakarta
24,Mantrijeron,250000.0,0.0,0.0,12169.343811708706,48.67737524683483,0.0,0.0,0.0,12169.343811708706,0.24223066829945367,Tinggi,Yogyakarta
24,Kraton,250000.0,0.0,0.0,12169.343811708706,48.67737524683483,0.0,0.0,0.0,12169.343811708706,0.24223066829945367,Tinggi,Yogyakarta
24,Kraton,250000.0,0.0,0.0,12169.343811708706,48.67737524683483,0.0,0.0,0.0,12169.343811708706,0.24223066829945367,Tinggi,Yogyakarta
24,Kraton,250000.0,0.0,0.0,12169.343811708706,48.67737524683483,0.0,0.0,0.0,12169.343811708706,0.24223066829945367,Tinggi,Yogyakarta
24,Ngampilan,250000.0,0.0,0.0,12169.343811708706,48.67737524683483,0.0,0.0,0.0,12169.343811708706,0.24223066829945367,Tinggi,Yogyakarta
24,Ngampilan,250000.0,0.0,0.0,12169.343811708706,48.67737524683483,0.0,0.0,0.0,12169.343811708706,0.24223066829945367,Tinggi,Yogyakarta
24,Ngampilan,250000.0,0.0,0.0,12169.343811708706,48.67737524683483,0.0,0.0,0.0,12169.343811708706,0.24223066829945367,Tinggi,Yogyakarta
25,Mantrijeron,250000.0,0.0,0.0,10434.808026690236,41.739232106760944,0.0,0.0,0.0,10434.808026690236,0.20770475064150337,Tinggi,Yogyakarta
25,Mantrijeron,250000.0,0.0,0.0,10434.808026690236,41.739232106760944,0.0,0.0,0.0,10434.808026690236,0.20770475064150337,Tinggi,Yogyakarta
25,Mantrijeron,250000.0,0.0,0.0,10434.808026690236,41.739232106760944,0.0,0.0,0.0,10434.808026690236,0.20770475064150337,Tinggi,Yogyakarta
25,Mantrijeron,250000.0,0.0,0.0,10434.808026690236,41.739232106760944,0.0,0.0,0.0,10434.808026690236,0.20770475064150337,Tinggi,Yogyakarta
25,Kraton,250000.0,0.0,0.0,10434.808026690236,41.739232106760944,0.0,0.0,0.0,10434.808026690236,0.20770475064150337,Tinggi,Yogyakarta
25,Kraton,250000.0,0.0,0.0,10434.808026690236,41.739232106760944,0.0,0.0,0.0,10434.808026690236,0.20770475064150337,Tinggi,Yogyakarta
25,Kraton,250000.0,0.0,0.0,10434.808026690236,41.739232106760944,0.0,0.0,0.0,10434.808026690236,0.20770475064150337,Tinggi,Yogyakarta
25,Kraton,250000.0,0.0,0.0,10434.808026690236,41.739232106760944,0.0,0.0,0.0,10434.808026690236,0.20770475064150337,Tinggi,Yogyakarta
25,Wirobrajan,250000.0,0.0,0.0,10434.808026690236,41.739232106760944,0.0,0.0,0.0,10434.808026690236,0.20770475064150337,Tinggi,Yogyakarta
25,Wirobrajan,250000.0,0.0,0.0,10434.808026690236,41.739232106760944,0.0,0.0,0.0,10434.808026690236,0.20770475064150337,Tinggi,Yogyakarta
25,Wirobrajan,250000.0,0.0,0.0,10434.808026690236,41.739232106760944,0.0,0.0,0.0,10434.808026690236,0.20770475064150337,Tinggi,Yogyakarta
25,Wirobrajan,250000.0,0.0,0.0,10434.808026690236,41.739232106760944,0.0,0.0,0.0,10434.808026690236,0.20770475064150337,Tinggi,Yogyakarta
25,Ngampilan,250000.0,0.0,0.0,10434.808026690236,41.739232106760944,0.0,0.0,0.0,10434.808026690236,0.20770475064150337,Tinggi,Yogyakarta
25,Ngampilan,250000.0,0.0,0.0,10434.808026690236,41.739232106760944,0.0,0.0,0.0,10434.808026690236,0.20770475064150337,Tinggi,Yogyakarta
25,Ngampilan,250000.0,0.0,0.0,10434.808026690236,41.739232106760944,0.0,0.0,0.0,10434.808026690236,0.20770475064150337,Tinggi,Yogyakarta
25,Ngampilan,250000.0,0.0,0.0,10434.808026690236,41.739232106760944,0.0,0.0,0.0,10434.808026690236,0.20770475064150337,Tinggi,Yogyakarta
26,Wirobrajan,250000.0,0.0,0.0,6832.9616904517425,27.33184676180697,0.0,0.0,0.0,6832.9616904517425,0.1360100349166065,Sedang,Yogyakarta
26,Wirobrajan,250000.0,0.0,0.0,6832.9616904517425,27.33184676180697,0.0,0.0,0.0,6832.9616904517425,0.1360100349166065,Sedang,Yogyakarta
26,Ngampilan,250000.0,0.0,0.0,6832.9616904517425,27.33184676180697,0.0,0.0,0.0,6832.9616904517425,0.1360100349166065,Sedang,Yogyakarta
26,Ngampilan,250000.0,0.0,0.0,6832.9616904517425,27.33184676180697,0.0,0.0,0.0,6832.9616904517425,0.1360100349166065,Sedang,Yogyakarta
27,Wirobrajan,250000.0,0.0,0.0,6904.788308149823,27.61915323259929,0.0,0.0,0.0,6904.788308149823,0.1374397430320067,Sedang,Yogyakarta
27,Wirobrajan,250000.0,0.0,0.0,6904.788308149823,27.61915323259929,0.0,0.0,0.0,6904.788308149823,0.1374397430320067,Sedang,Yogyakarta
27,Wirobrajan,250000.0,0.0,0.0,6904.788308149823,27.61915323259929,0.0,0.0,0.0,6904.788308149823,0.1374397430320067,Sedang,Yogyakarta
27,Ngampilan,250000.0,0.0,0.0,6904.788308149823,27.61915323259929,0.0,0.0,0.0,6904.788308149823,0.1374397430320067,Sedang,Yogyakarta
27,Ngampilan,250000.0,0.0,0.0,6904.788308149823,27.61915323259929,0.0,0.0,0.0,6904.788308149823,0.1374397430320067,Sedang,Yogyakarta
27,Ngampilan,250000.0,0.0,0.0,6904.788308149823,27.61915323259929,0.0,0.0,0.0,6904.788308149823,0.1374397430320067,Sedang,Yogyakarta
27,Gedong Tengen,250000.0,0.0,0.0,6904.788308149823,27.61915323259929,0.0,0.0,0.0,6904.788308149823,0.1374397430320067,Sedang,Yogyakarta
27,Gedong Tengen,250000.0,0.0,0.0,6904.788308149823,27.61915323259929,0.0,0.0,0.0,6904.788308149823,0.1374397430320067,Sedang,Yogyakarta
27,Gedong Tengen,250000.0,0.0,0.0,6904.788308149823,27.61915323259929,0.0,0.0,0.0,6904.788308149823,0.1374397430320067,Sedang,Yogyakarta
28,Wirobrajan,250000.0,0.0,0.0,5794.800628929476,23.179202515717904,0.0,0.0,0.0,5794.800628929476,0.11534544924740604,Sedang,Yogyakarta
28,Wirobrajan,250000.0,0.0,0.0,5794.800628929476,23.179202515717904,0.0,0.0,0.0,5794.800628929476,0.11534544924740604,Sedang,Yogyakarta
28,Wirobrajan,250000.0,0.0,0.0,5794.800628929476,23.179202515717904,0.0,0.0,0.0,5794.800628929476,0.11534544924740604,Sedang,Yogyakarta
28,Gedong Tengen,250000.0,0.0,0.0,5794.800628929476,23.179202515717904,0.0,0.0,0.0,5794.800628929476,0.11534544924740604,Sedang,Yogyakarta
28,Gedong Tengen,250000.0,0.0,0.0,5794.800628929476,23.179202515717904,0.0,0.0,0.0,5794.800628929476,0.11534544924740604,Sedang,Yogyakarta
28,Gedong Tengen,250000.0,0.0,0.0,5794.800628929476,23.179202515717904,0.0,0.0,0.0,5794.800628929476,0.11534544924740604,Sedang,Yogyakarta
28,Tegalrejo,250000.0,0.0,0.0,5794.800628929476,23.179202515717904,0.0,0.0,0.0,5794.800628929476,0.11534544924740604,Sedang,Yogyakarta
28,Tegalrejo,250000.0,0.0,0.0,5794.800628929476,23.179202515717904,0.0,0.0,0.0,5794.800628929476,0.11534544924740604,Sedang,Yogyakarta
28,Tegalrejo,250000.0,0.0,0.0,5794.800628929476,23.179202515717904,0.0,0.0,0.0,5794.800628929476,0.11534544924740604,Sedang,Yogyakarta
29,Gedong Tengen,250000.0,0.0,0.0,7675.190535210808,30.70076214084323,0.0,0.0,0.0,7675.190535210808,0.15277459174758154,Sedang,Yogyakarta
29,Gedong Tengen,250000.0,0.0,0.0,7675.190535210808,30.70076214084323,0.0,0.0,0.0,7675.190535210808,0.15277459174758154,Sedang,Yogyakarta
29,Gedong Tengen,250000.0,0.0,0.0,7675.190535210808,30.70076214084323,0.0,0.0,0.0,7675.190535210808,0.15277459174758154,Sedang,Yogyakarta
29,Jetis,250000.0,0.0,0.0,7675.190535210808,30.70076214084323,0.0,0.0,0.0,7675.190535210808,0.15277459174758154,Sedang,Yogyakarta
29,Jetis,250000.0,0.0,0.0,7675.190535210808,30.70076214084323,0.0,0.0,0.0,7675.190535210808,0.15277459174758154,Sedang,Yogyakarta
29,Jetis,250000.0,0.0,0.0,7675.190535210808,30.70076214084323,0.0,0.0,0.0,7675.190535210808,0.15277459174758154,Sedang,Yogyakarta
29,Tegalrejo,250000.0,0.0,0.0,7675.190535210808,30.70076214084323,0.0,0.0,0.0,7675.190535210808,0.15277459174758154,Sedang,Yogyakarta
29,Tegalrejo,250000.0,0.0,0.0,7675.190535210808,30.70076214084323,0.0,0.0,0.0,7675.190535210808,0.15277459174758154,Sedang,Yogyakarta
29,Tegalrejo,250000.0,0.0,0.0,7675.190535210808,30.70076214084323,0.0,0.0,0.0,7675.190535210808,0.15277459174758154,Sedang,Yogyakarta
30,Jetis,250000.0,0.0,0.0,4835.873985724796,19.34349594289918,0.0,0.0,0.0,4835.873985724796,0.09625802389172396,Sedang,Yogyakarta
30,Jetis,250000.0,0.0,0.0,4835.873985724796,19.34349594289918,0.0,0.0,0.0,4835.873985724796,0.09625802389172396,Sedang,Yogyakarta
30,Tegalrejo,250000.0,0.0,0.0,4835.873985724796,19.34349594289918,0.0,0.0,0.0,4835.873985724796,0.09625802389172396,Sedang,Yogyakarta
30,Tegalrejo,250000.0,0.0,0.0,4835.873985724796,19.34349594289918,0.0,0.0,0.0,4835.873985724796,0.09625802389172396,Sedang,Yogyakarta
31,Jetis,250000.0,0.0,0.0,7605.877211795157,30.423508847180628,0.0,0.0,0.0,7605.877211795157,0.15139491073003358,Sedang,Yogyakarta
31,Jetis,250000.0,0.0,0.0,7605.877211795157,30.423508847180628,0.0,0.0,0.0,7605.877211795157,0.15139491073003358,Sedang,Yogyakarta
31,Tegalrejo,250000.0,0.0,0.0,7605.877211795157,30.423508847180628,0.0,0.0,0.0,7605.877211795157,0.15139491073003358,Sedang,Yogyakarta
31,Tegalrejo,250000.0,0.0,0.0,7605.877211795157,30.423508847180628,0.0,0.0,0.0,7605.877211795157,0.15139491073003358,Sedang,Yogyakarta
32,Tegalrejo,250000.0,0.0,0.0,3403.9072792718316,13.615629117087327,0.0,0.0,0.0,3403.9072792718316,0.06775474075225571,Rendah,Yogyakarta
33,Tegalrejo,180307.53560443793,0.0,0.0,2501.5557631540396,13.873828150155632,0.0,0.0,0.0,2501.5557631540396,0.06903960305260079,Rendah,Yogyakarta
34,Tegalrejo,1839.1030996063564,0.0,0.0,83.09275394100752,45.181128757160366,0.0,0.0,0.0,83.09275394100752,0.22483248034377643,Tinggi,Yogyakarta
35,Mantrijeron,182281.96738877738,0.0,3673.830130735676,1945.730890244173,10.674291692793998,0.0,2.015465480960057,3673.830130735676,1945.730890244173,0.03688108334066273,Rendah,Yogyakarta
36,Mantrijeron,250000.0,0.0,18102.896555595613,3877.6606721301846,15.510642688520738,0.0,7.2411586222382445,18102.896555595613,3877.6606721301846,0.018849145389972725,Rendah,Yogyakarta
37,Mantrijeron,250000.0,0.0,0.0,6592.607562163312,26.370430248653246,0.0,0.0,0.0,6592.607562163312,0.13122578836850404,Sedang,Yogyakarta
37,Mantrijeron,250000.0,0.0,0.0,6592.607562163312,26.370430248653246,0.0,0.0,0.0,6592.607562163312,0.13122578836850404,Sedang,Yogyakarta
37,Kraton,250000.0,0.0,0.0,6592.607562163312,26.370430248653246,0.0,0.0,0.0,6592.607562163312,0.13122578836850404,Sedang,Yogyakarta
37,Kraton,250000.0,0.0,0.0,6592.607562163312,26.370430248653246,0.0,0.0,0.0,6592.607562163312,0.13122578836850404,Sedang,Yogyakarta
38,Kraton,250000.0,0.0,2070.5822902752425,3077.9317880340564,12.311727152136225,0.0,0.8282329161100969,2070.5822902752425,3077.9317880340564,0.054593857012437685,Rendah,Yogyakarta
39,Gondomanan,250000.0,0.0,0.0,9918.862358711694,39.675449434846776,0.0,0.0,0.0,9918.862358711694,0.19743485721960802,Tinggi,Yogyakarta
39,Gondomanan,250000.0,0.0,0.0,9918.862358711694,39.675449434846776,0.0,0.0,0.0,9918.862358711694,0.19743485721960802,Tinggi,Yogyakarta
39,Gondomanan,250000.0,0.0,0.0,9918.862358711694,39.675449434846776,0.0,0.0,0.0,9918.862358711694,0.19743485721960802,Tinggi,Yogyakarta
39,Kraton,250000.0,0.0,0.0,9918.862358711694,39.675449434846776,0.0,0.0,0.0,9918.862358711694,0.19743485721960802,Tinggi,Yogyakarta
39,Kraton,250000.0,0.0,0.0,9918.862358711694,39.675449434846776,0.0,0.0,0.0,9918.862358711694,0.19743485721960802,Tinggi,Yogyakarta
39,Kraton,250000.0,0.0,0.0,9918.862358711694,39.675449434846776,0.0,0.0,0.0,9918.862358711694,0.19743485721960802,Tinggi,Yogyakarta
39,Ngampilan,250000.0,0.0,0.0,9918.862358711694,39.675449434846776,0.0,0.0,0.0,9918.862358711694,0.19743485721960802,Tinggi,Yogyakarta
39,Ngampilan,250000.0,0.0,0.0,9918.862358711694,39.675449434846776,0.0,0.0,0.0,9918.862358711694,0.19743485721960802,Tinggi,Yogyakarta
39,Ngampilan,250000.0,0.0,0.0,9918.862358711694,39.675449434846776,0.0,0.0,0.0,9918.862358711694,0.19743485721960802,Tinggi,Yogyakarta
40,Gondomanan,250000.0,0.0,0.0,6730.291374381948,26.92116549752779,0.0,0.0,0.0,6730.291374381948,0.13396638328995314,Sedang,Yogyakarta
40,Gondomanan,250000.0,0.0,0.0,6730.291374381948,26.92116549752779,0.0,0.0,0.0,6730.291374381948,0.13396638328995314,Sedang,Yogyakarta
40,Ngampilan,250000.0,0.0,0.0,6730.291374381948,26.92116549752779,0.0,0.0,0.0,6730.291374381948,0.13396638328995314,Sedang,Yogyakarta
40,Ngampilan,250000.0,0.0,0.0,6730.291374381948,26.92116549752779,0.0,0.0,0.0,6730.291374381948,0.13396638328995314,Sedang,Yogyakarta
41,Gondomanan,250000.0,0.0,0.0,8550.320351955088,34.20128140782035,0.0,0.0,0.0,8550.320351955088,0.17019404210075395,Tinggi,Yogyakarta
41,Gondomanan,250000.0,0.0,0.0,8550.320351955088,34.20128140782035,0.0,0.0,0.0,8550.320351955088,0.17019404210075395,Tinggi,Yogyakarta
41,Gondomanan,250000.0,0.0,0.0,8550.320351955088,34.20128140782035,0.0,0.0,0.0,8550.320351955088,0.17019404210075395,Tinggi,Yogyakarta
41,Ngampilan,250000.0,0.0,0.0,8550.320351955088,34.20128140782035,0.0,0.0,0.0,8550.320351955088,0.17019404210075395,Tinggi,Yogyakarta
41,Ngampilan,250000.0,0.0,0.0,8550.320351955088,34.20128140782035,0.0,0.0,0.0,8550.320351955088,0.17019404210075395,Tinggi,Yogyakarta
41,Ngampilan,250000.0,0.0,0.0,8550.320351955088,34.20128140782035,0.0,0.0,0.0,8550.320351955088,0.17019404210075395,Tinggi,Yogyakarta
41,Gedong Tengen,250000.0,0.0,0.0,8550.320351955088,34.20128140782035,0.0,0.0,0.0,8550.320351955088,0.17019404210075395,Tinggi,Yogyakarta
41,Gedong Tengen,250000.0,0.0,0.0,8550.320351955088,34.20128140782035,0.0,0.0,0.0,8550.320351955088,0.17019404210075395,Tinggi,Yogyakarta
41,Gedong Tengen,250000.0,0.0,0.0,8550.320351955088,34.20128140782035,0.0,0.0,0.0,8550.320351955088,0.17019404210075395,Tinggi,Yogyakarta
42,Gedong Tengen,250000.0,0.0,0.0,2245.1872452360867,8.980748980944346,0.0,0.0,0.0,2245.1872452360867,0.04469042992668836,Rendah,Yogyakarta
43,Gedong Tengen,250000.0,0.0,27153.275242288146,6015.662929743215,24.06265171897286,0.0,10.861310096915258,27153.275242288146,6015.662929743215,0.032241679917165394,Rendah,Yogyakarta
43,Gedong Tengen,250000.0,0.0,27153.275242288146,6015.662929743215,24.06265171897286,0.0,10.861310096915258,27153.275242288146,6015.662929743215,0.032241679917165394,Rendah,Yogyakarta
43,Jetis,250000.0,0.0,27153.275242288146,6015.662929743215,24.06265171897286,0.0,10.861310096915258,27153.275242288146,6015.662929743215,0.032241679917165394,Rendah,Yogyakarta
43,Jetis,250000.0,0.0,27153.275242288146,6015.662929743215,24.06265171897286,0.0,10.861310096915258,27153.275242288146,6015.662929743215,0.032241679917165394,Rendah,Yogyakarta
44,Jetis,250000.0,0.0,8248.702364104389,4006.3259908547043,16.025303963418818,0.0,3.2994809456417555,8248.702364104389,4006.3259908547043,0.05316486064051036,Rendah,Yogyakarta
45,Jetis,250000.0,0.0,12665.281005679317,6509.968046975483,26.03987218790193,0.0,5.0661124022717265,12665.281005679317,6509.968046975483,0.08876763377707812,Sedang,Yogyakarta
45,Jetis,250000.0,0.0,12665.281005679317,6509.968046975483,26.03987218790193,0.0,5.0661124022717265,12665.281005679317,6509.968046975483,0.08876763377707812,Sedang,Yogyakarta
45,Tegalrejo,250000.0,0.0,12665.281005679317,6509.968046975483,26.03987218790193,0.0,5.0661124022717265,12665.281005679317,6509.968046975483,0.08876763377707812,Sedang,Yogyakarta
45,Tegalrejo,250000.0,0.0,12665.281005679317,6509.968046975483,26.03987218790193,0.0,5.0661124022717265,12665.281005679317,6509.968046975483,0.08876763377707812,Sedang,Yogyakarta
46,Tegalrejo,250000.0,0.0,0.0,3224.7611031769266,12.899044412707706,0.0,0.0,0.0,3224.7611031769266,0.0641888378876322,Rendah,Yogyakarta
47,Tegalrejo,102468.81397734859,0.0,0.0,874.4692706701818,8.534004022565236,0.0,0.0,0.0,874.4692706701818,0.0424673164313768,Rendah,Yogyakarta
48,Mergangsan,141.23579650202444,0.0,0.0,0.0,0.0,0.0,0.0,0.0,0.0,0.0,Rendah,Yogyakarta
48,Mergangsan,141.23579650202444,0.0,0.0,0.0,0.0,0.0,0.0,0.0,0.0,0.0,Rendah,Yogyakarta
48,Mantrijeron,141.23579650202444,0.0,0.0,0.0,0.0,0.0,0.0,0.0,0.0,0.0,Rendah,Yogyakarta
48,Mantrijeron,141.23579650202444,0.0,0.0,0.0,0.0,0.0,0.0,0.0,0.0,0.0,Rendah,Yogyakarta
49,Mantrijeron,201340.77960316176,0.0,0.0,2385.67466954178,11.848939267265639,0.0,0.0,0.0,2385.67466954178,0.058963254752237765,Rendah,Yogyakarta
50,Mantrijeron,250000.0,0.0,0.0,2331.6170929821683,9.326468371928673,0.0,0.0,0.0,2331.6170929821683,0.046410815191866746,Rendah,Yogyakarta
51,Mantrijeron,250000.0,0.0,0.0,6587.926324943505,26.35170529977402,0.0,0.0,0.0,6587.926324943505,0.1311326083879096,Sedang,Yogyakarta
51,Mantrijeron,250000.0,0.0,0.0,6587.926324943505,26.35170529977402,0.0,0.0,0.0,6587.926324943505,0.1311326083879096,Sedang,Yogyakarta
51,Kraton,250000.0,0.0,0.0,6587.926324943505,26.35170529977402,0.0,0.0,0.0,6587.926324943505,0.1311326083879096,Sedang,Yogyakarta
51,Kraton,250000.0,0.0,0.0,6587.926324943505,26.35170529977402,0.0,0.0,0.0,6587.926324943505,0.1311326083879096,Sedang,Yogyakarta
52,Kraton,250000.0,0.0,16533.751728262872,3768.8875145921197,15.07555005836848,0.0,6.613500691305149,16533.751728262872,3768.8875145921197,0.02174050516918359,Rendah,Yogyakarta
53,Gondomanan,250000.0,0.0,65032.13425333552,5072.484415155512,20.289937660622048,0.0,26.01285370133421,65032.13425333552,5072.484415155512,-0.10859495173375176,Rendah,Yogyakarta
53,Gondomanan,250000.0,0.0,65032.13425333552,5072.484415155512,20.289937660622048,0.0,26.01285370133421,65032.13425333552,5072.484415155512,-0.10859495173375176,Rendah,Yogyakarta
53,Kraton,250000.0,0.0,65032.13425333552,5072.484415155512,20.289937660622048,0.0,26.01285370133421,65032.13425333552,5072.484415155512,-0.10859495173375176,Rendah,Yogyakarta
53,Kraton,250000.0,0.0,65032.13425333552,5072.484415155512,20.289937660622048,0.0,26.01285370133421,65032.13425333552,5072.484415155512,-0.10859495173375176,Rendah,Yogyakarta
54,Gondomanan,250000.0,0.0,55851.2702217705,4652.214485145895,18.60885794058358,0.0,22.340508088708198,55851.2702217705,4652.214485145895,-0.08737555895209247,Rendah,Yogyakarta
54,Gondomanan,250000.0,0.0,55851.2702217705,4652.214485145895,18.60885794058358,0.0,22.340508088708198,55851.2702217705,4652.214485145895,-0.08737555895209247,Rendah,Yogyakarta
54,Kraton,250000.0,0.0,55851.2702217705,4652.214485145895,18.60885794058358,0.0,22.340508088708198,55851.2702217705,4652.214485145895,-0.08737555895209247,Rendah,Yogyakarta
54,Kraton,250000.0,0.0,55851.2702217705,4652.214485145895,18.60885794058358,0.0,22.340508088708198,55851.2702217705,4652.214485145895,-0.08737555895209247,Rendah,Yogyakarta
55,Gondomanan,250000.0,0.0,0.0,12233.560916581842,48.93424366632737,0.0,0.0,0.0,12233.560916581842,0.24350890913728002,Tinggi,Yogyakarta
55,Gondomanan,250000.0,0.0,0.0,12233.560916581842,48.93424366632737,0.0,0.0,0.0,12233.560916581842,0.24350890913728002,Tinggi,Yogyakarta
55,Gondomanan,250000.0,0.0,0.0,12233.560916581842,48.93424366632737,0.0,0.0,0.0,12233.560916581842,0.24350890913728002,Tinggi,Yogyakarta
55,Danurejan,250000.0,0.0,0.0,12233.560916581842,48.93424366632737,0.0,0.0,0.0,12233.560916581842,0.24350890913728002,Tinggi,Yogyakarta
55,Danurejan,250000.0,0.0,0.0,12233.560916581842,48.93424366632737,0.0,0.0,0.0,12233.560916581842,0.24350890913728002,Tinggi,Yogyakarta
55,Danurejan,250000.0,0.0,0.0,12233.560916581842,48.93424366632737,0.0,0.0,0.0,12233.560916581842,0.24350890913728002,Tinggi,Yogyakarta
55,Gedong Tengen,250000.0,0.0,0.0,12233.560916581842,48.93424366632737,0.0,0.0,0.0,12233.560916581842,0.24350890913728002,Tinggi,Yogyakarta
55,Gedong Tengen,250000.0,0.0,0.0,12233.560916581842,48.93424366632737,0.0,0.0,0.0,12233.560916581842,0.24350890913728002,Tinggi,Yogyakarta
55,Gedong Tengen,250000.0,0.0,0.0,12233.560916581842,48.93424366632737,0.0,0.0,0.0,12233.560916581842,0.24350890913728002,Tinggi,Yogyakarta
56,Danurejan,250000.0,0.0,0.0,5416.78567427151,21.667142697086042,0.0,0.0,0.0,5416.78567427151,0.1078210653109537,Sedang,Yogyakarta
56,Danurejan,250000.0,0.0,0.0,5416.78567427151,21.667142697086042,0.0,0.0,0.0,5416.78567427151,0.1078210653109537,Sedang,Yogyakarta
56,Gedong Tengen,250000.0,0.0,0.0,5416.78567427151,21.667142697086042,0.0,0.0,0.0,5416.78567427151,0.1078210653109537,Sedang,Yogyakarta
56,Gedong Tengen,250000.0,0.0,0.0,5416.78567427151,21.667142697086042,0.0,0.0,0.0,5416.78567427151,0.1078210653109537,Sedang,Yogyakarta
57,Danurejan,250000.0,0.0,93096.91044415993,8097.366072070653,32.38946428828261,0.0,37.238764177663974,93096.91044415993,8097.366072070653,-0.13882200836368755,Rendah,Yogyakarta
57,Danurejan,250000.0,0.0,93096.91044415993,8097.366072070653,32.38946428828261,0.0,37.238764177663974,93096.91044415993,8097.366072070653,-0.13882200836368755,Rendah,Yogyakarta
57,Danurejan,250000.0,0.0,93096.91044415993,8097.366072070653,32.38946428828261,0.0,37.238764177663974,93096.91044415993,8097.366072070653,-0.13882200836368755,Rendah,Yogyakarta
57,Gedong Tengen,250000.0,0.0,93096.91044415993,8097.366072070653,32.38946428828261,0.0,37.238764177663974,93096.91044415993,8097.366072070653,-0.13882200836368755,Rendah,Yogyakarta
57,Gedong Tengen,250000.0,0.0,93096.91044415993,8097.366072070653,32.38946428828261,0.0,37.238764177663974,93096.91044415993,8097.366072070653,-0.13882200836368755,Rendah,Yogyakarta
57,Gedong Tengen,250000.0,0.0,93096.91044415993,8097.366072070653,32.38946428828261,0.0,37.238764177663974,93096.91044415993,8097.366072070653,-0.13882200836368755,Rendah,Yogyakarta
57,Jetis,250000.0,0.0,93096.91044415993,8097.366072070653,32.38946428828261,0.0,37.238764177663974,93096.91044415993,8097.366072070653,-0.13882200836368755,Rendah,Yogyakarta
57,Jetis,250000.0,0.0,93096.91044415993,8097.366072070653,32.38946428828261,0.0,37.238764177663974,93096.91044415993,8097.366072070653,-0.13882200836368755,Rendah,Yogyakarta
57,Jetis,250000.0,0.0,93096.91044415993,8097.366072070653,32.38946428828261,0.0,37.238764177663974,93096.91044415993,8097.366072070653,-0.13882200836368755,Rendah,Yogyakarta
58,Jetis,250000.0,0.0,0.0,3465.4257837988475,13.86170313519539,0.0,0.0,0.0,3465.4257837988475,0.0689792659768635,Rendah,Yogyakarta
59,Jetis,250000.0,0.0,0.0,7515.646556172264,30.062586224689056,0.0,0.0,0.0,7515.646556172264,0.14959887042163159,Sedang,Yogyakarta
59,Jetis,250000.0,0.0,0.0,7515.646556172264,30.062586224689056,0.0,0.0,0.0,7515.646556172264,0.14959887042163159,Sedang,Yogyakarta
59,Tegalrejo,250000.0,0.0,0.0,7515.646556172264,30.062586224689056,0.0,0.0,0.0,7515.646556172264,0.14959887042163159,Sedang,Yogyakarta
59,Tegalrejo,250000.0,0.0,0.0,7515.646556172264,30.062586224689056,0.0,0.0,0.0,7515.646556172264,0.14959887042163159,Sedang,Yogyakarta
60,Jetis,250000.0,0.0,21393.978134280762,5524.693401738873,22.098773606955493,0.0,8.557591253712305,21393.978134280762,5524.693401738873,0.041027974677528195,Rendah,Yogyakarta
60,Jetis,250000.0,0.0,21393.978134280762,5524.693401738873,22.098773606955493,0.0,8.557591253712305,21393.978134280762,5524.693401738873,0.041027974677528195,Rendah,Yogyakarta
60,Tegalrejo,250000.0,0.0,21393.978134280762,5524.693401738873,22.098773606955493,0.0,8.557591253712305,21393.978134280762,5524.693401738873,0.041027974677528195,Rendah,Yogyakarta
60,Tegalrejo,250000.0,0.0,21393.978134280762,5524.693401738873,22.098773606955493,0.0,8.557591253712305,21393.978134280762,5524.693401738873,0.041027974677528195,Rendah,Yogyakarta
61,Tegalrejo,152593.710965956,0.0,0.0,1448.0451404596226,9.489546661478629,0.0,0.0,0.0,1448.0451404596226,0.047222333127304034,Rendah,Yogyakarta
62,Mergangsan,6777.9434443460195,0.0,0.0,167.22404597361438,24.67179718253746,0.0,0.0,0.0,167.22404597361438,0.12277296977024711,Sedang,Yogyakarta
62,Mergangsan,6777.9434443460195,0.0,0.0,167.22404597361438,24.67179718253746,0.0,0.0,0.0,167.22404597361438,0.12277296977024711,Sedang,Yogyakarta
62,Mantrijeron,6777.9434443460195,0.0,0.0,167.22404597361438,24.67179718253746,0.0,0.0,0.0,167.22404597361438,0.12277296977024711,Sedang,Yogyakarta
62,Mantrijeron,6777.9434443460195,0.0,0.0,167.22404597361438,24.67179718253746,0.0,0.0,0.0,167.22404597361438,0.12277296977024711,Sedang,Yogyakarta
63,Mergangsan,191688.91679041515,0.0,0.0,3723.9715991402772,19.427161786364078,0.0,0.0,0.0,3723.9715991402772,0.09667436583854365,Sedang,Yogyakarta
63,Mergangsan,191688.91679041515,0.0,0.0,3723.9715991402772,19.427161786364078,0.0,0.0,0.0,3723.9715991402772,0.09667436583854365,Sedang,Yogyakarta
63,Mantrijeron,191688.91679041515,0.0,0.0,3723.9715991402772,19.427161786364078,0.0,0.0,0.0,3723.9715991402772,0.09667436583854365,Sedang,Yogyakarta
63,Mantrijeron,191688.91679041515,0.0,0.0,3723.9715991402772,19.427161786364078,0.0,0.0,0.0,3723.9715991402772,0.09667436583854365,Sedang,Yogyakarta
64,Mergangsan,250000.0,0.0,0.0,6309.83946193696,25.23935784774784,0.0,0.0,0.0,6309.83946193696,0.12559729212816495,Sedang,Yogyakarta
64,Mergangsan,250000.0,0.0,0.0,6309.83946193696,25.23935784774784,0.0,0.0,0.0,6309.83946193696,0.12559729212816495,Sedang,Yogyakarta
64,Mantrijeron,250000.0,0.0,0.0,6309.83946193696,25.23935784774784,0.0,0.0,0.0,6309.83946193696,0.12559729212816495,Sedang,Yogyakarta
64,Mantrijeron,250000.0,0.0,0.0,6309.83946193696,25.23935784774784,0.0,0.0,0.0,6309.83946193696,0.12559729212816495,Sedang,Yogyakarta
65,Mergangsan,250000.0,0.0,0.0,8638.489668023427,34.55395867209371,0.0,0.0,0.0,8638.489668023427,0.17194905146569525,Tinggi,Yogyakarta
65,Mergangsan,250000.0,0.0,0.0,8638.489668023427,34.55395867209371,0.0,0.0,0.0,8638.489668023427,0.17194905146569525,Tinggi,Yogyakarta
65,Mergangsan,250000.0,0.0,0.0,8638.489668023427,34.55395867209371,0.0,0.0,0.0,8638.489668023427,0.17194905146569525,Tinggi,Yogyakarta
65,Mantrijeron,250000.0,0.0,0.0,8638.489668023427,34.55395867209371,0.0,0.0,0.0,8638.489668023427,0.17194905146569525,Tinggi,Yogyakarta
65,Mantrijeron,250000.0,0.0,0.0,8638.489668023427,34.55395867209371,0.0,0.0,0.0,8638.489668023427,0.17194905146569525,Tinggi,Yogyakarta
65,Mantrijeron,250000.0,0.0,0.0,8638.489668023427,34.55395867209371,0.0,0.0,0.0,8638.489668023427,0.17194905146569525,Tinggi,Yogyakarta
65,Kraton,250000.0,0.0,0.0,8638.489668023427,34.55395867209371,0.0,0.0,0.0,8638.489668023427,0.17194905146569525,Tinggi,Yogyakarta
65,Kraton,250000.0,0.0,0.0,8638.489668023427,34.55395867209371,0.0,0.0,0.0,8638.489668023427,0.17194905146569525,Tinggi,Yogyakarta
65,Kraton,250000.0,0.0,0.0,8638.489668023427,34.55395867209371,0.0,0.0,0.0,8638.489668023427,0.17194905146569525,Tinggi,Yogyakarta
66,Mergangsan,250000.0,0.0,0.0,6468.227310956061,25.872909243824243,0.0,0.0,0.0,6468.227310956061,0.12875000069750422,Sedang,Yogyakarta
66,Mergangsan,250000.0,0.0,0.0,6468.227310956061,25.872909243824243,0.0,0.0,0.0,6468.227310956061,0.12875000069750422,Sedang,Yogyakarta
66,Kraton,250000.0,0.0,0.0,6468.227310956061,25.872909243824243,0.0,0.0,0.0,6468.227310956061,0.12875000069750422,Sedang,Yogyakarta
66,Kraton,250000.0,0.0,0.0,6468.227310956061,25.872909243824243,0.0,0.0,0.0,6468.227310956061,0.12875000069750422,Sedang,Yogyakarta
67,Mergangsan,250000.0,0.0,0.0,9248.874440429894,36.99549776171958,0.0,0.0,0.0,9248.874440429894,0.18409875432786363,Tinggi,Yogyakarta
67,Mergangsan,250000.0,0.0,0.0,9248.874440429894,36.99549776171958,0.0,0.0,0.0,9248.874440429894,0.18409875432786363,Tinggi,Yogyakarta
67,Mergangsan,250000.0,0.0,0.0,9248.874440429894,36.99549776171958,0.0,0.0,0.0,9248.874440429894,0.18409875432786363,Tinggi,Yogyakarta
67,Gondomanan,250000.0,0.0,0.0,9248.874440429894,36.99549776171958,0.0,0.0,0.0,9248.874440429894,0.18409875432786363,Tinggi,Yogyakarta
67,Gondomanan,250000.0,0.0,0.0,9248.874440429894,36.99549776171958,0.0,0.0,0.0,9248.874440429894,0.18409875432786363,Tinggi,Yogyakarta
67,Gondomanan,250000.0,0.0,0.0,9248.874440429894,36.99549776171958,0.0,0.0,0.0,9248.874440429894,0.18409875432786363,Tinggi,Yogyakarta
67,Kraton,250000.0,0.0,0.0,9248.874440429894,36.99549776171958,0.0,0.0,0.0,9248.874440429894,0.18409875432786363,Tinggi,Yogyakarta
67,Kraton,250000.0,0.0,0.0,9248.874440429894,36.99549776171958,0.0,0.0,0.0,9248.874440429894,0.18409875432786363,Tinggi,Yogyakarta
67,Kraton,250000.0,0.0,0.0,9248.874440429894,36.99549776171958,0.0,0.0,0.0,9248.874440429894,0.18409875432786363,Tinggi,Yogyakarta
68,Mergangsan,250000.0,0.0,0.0,11829.990512138533,47.31996204855413,0.0,0.0,0.0,11829.990512138533,0.2354758442254212,Tinggi,Yogyakarta
68,Mergangsan,250000.0,0.0,0.0,11829.990512138533,47.31996204855413,0.0,0.0,0.0,11829.990512138533,0.2354758442254212,Tinggi,Yogyakarta
68,Mergangsan,250000.0,0.0,0.0,11829.990512138533,47.31996204855413,0.0,0.0,0.0,11829.990512138533,0.2354758442254212,Tinggi,Yogyakarta
68,Mergangsan,250000.0,0.0,0.0,11829.990512138533,47.31996204855413,0.0,0.0,0.0,11829.990512138533,0.2354758442254212,Tinggi,Yogyakarta
68,Gondomanan,250000.0,0.0,0.0,11829.990512138533,47.31996204855413,0.0,0.0,0.0,11829.990512138533,0.2354758442254212,Tinggi,Yogyakarta
68,Gondomanan,250000.0,0.0,0.0,11829.990512138533,47.31996204855413,0.0,0.0,0.0,11829.990512138533,0.2354758442254212,Tinggi,Yogyakarta
68,Gondomanan,250000.0,0.0,0.0,11829.990512138533,47.31996204855413,0.0,0.0,0.0,11829.990512138533,0.2354758442254212,Tinggi,Yogyakarta
68,Gondomanan,250000.0,0.0,0.0,11829.990512138533,47.31996204855413,0.0,0.0,0.0,11829.990512138533,0.2354758442254212,Tinggi,Yogyakarta
68,Pakualaman,250000.0,0.0,0.0,11829.990512138533,47.31996204855413,0.0,0.0,0.0,11829.990512138533,0.2354758442254212,Tinggi,Yogyakarta
68,Pakualaman,250000.0,0.0,0.0,11829.990512138533,47.31996204855413,0.0,0.0,0.0,11829.990512138533,0.2354758442254212,Tinggi,Yogyakarta
68,Pakualaman,250000.0,0.0,0.0,11829.990512138533,47.31996204855413,0.0,0.0,0.0,11829.990512138533,0.2354758442254212,Tinggi,Yogyakarta
68,Pakualaman,250000.0,0.0,0.0,11829.990512138533,47.31996204855413,0.0,0.0,0.0,11829.990512138533,0.2354758442254212,Tinggi,Yogyakarta
68,Kraton,250000.0,0.0,0.0,11829.990512138533,47.31996204855413,0.0,0.0,0.0,11829.990512138533,0.2354758442254212,Tinggi,Yogyakarta
68,Kraton,250000.0,0.0,0.0,11829.990512138533,47.31996204855413,0.0,0.0,0.0,11829.990512138533,0.2354758442254212,Tinggi,Yogyakarta
68,Kraton,250000.0,0.0,0.0,11829.990512138533,47.31996204855413,0.0,0.0,0.0,11829.990512138533,0.2354758442254212,Tinggi,Yogyakarta
68,Kraton,250000.0,0.0,0.0,11829.990512138533,47.31996204855413,0.0,0.0,0.0,11829.990512138533,0.2354758442254212,Tinggi,Yogyakarta
69,Gondomanan,250000.0,0.0,0.0,8510.331850740413,34.04132740296165,0.0,0.0,0.0,8510.331850740413,0.16939807137929194,Tinggi,Yogyakarta
69,Gondomanan,250000.0,0.0,0.0,8510.331850740413,34.04132740296165,0.0,0.0,0.0,8510.331850740413,0.16939807137929194,Tinggi,Yogyakarta
69,Gondomanan,250000.0,0.0,0.0,8510.331850740413,34.04132740296165,0.0,0.0,0.0,8510.331850740413,0.16939807137929194,Tinggi,Yogyakarta
69,Pakualaman,250000.0,0.0,0.0,8510.331850740413,34.04132740296165,0.0,0.0,0.0,8510.331850740413,0.16939807137929194,Tinggi,Yogyakarta
69,Pakualaman,250000.0,0.0,0.0,8510.331850740413,34.04132740296165,0.0,0.0,0.0,8510.331850740413,0.16939807137929194,Tinggi,Yogyakarta
69,Pakualaman,250000.0,0.0,0.0,8510.331850740413,34.04132740296165,0.0,0.0,0.0,8510.331850740413,0.16939807137929194,Tinggi,Yogyakarta
69,Danurejan,250000.0,0.0,0.0,8510.331850740413,34.04132740296165,0.0,0.0,0.0,8510.331850740413,0.16939807137929194,Tinggi,Yogyakarta
69,Danurejan,250000.0,0.0,0.0,8510.331850740413,34.04132740296165,0.0,0.0,0.0,8510.331850740413,0.16939807137929194,Tinggi,Yogyakarta
69,Danurejan,250000.0,0.0,0.0,8510.331850740413,34.04132740296165,0.0,0.0,0.0,8510.331850740413,0.16939807137929194,Tinggi,Yogyakarta
70,Danurejan,250000.0,0.0,1060.2988593433522,2949.5007008050125,11.798002803220049,0.0,0.4241195437373409,1060.2988593433522,2949.5007008050125,0.05529302382338468,Rendah,Yogyakarta
71,Danurejan,250000.0,0.0,39060.43421560222,8503.0077131624,34.0120308526496,0.0,15.624173686240885,39060.43421560222,8503.0077131624,0.043382046600500074,Rendah,Yogyakarta
71,Danurejan,250000.0,0.0,39060.43421560222,8503.0077131624,34.0120308526496,0.0,15.624173686240885,39060.43421560222,8503.0077131624,0.043382046600500074,Rendah,Yogyakarta
71,Danurejan,250000.0,0.0,39060.43421560222,8503.0077131624,34.0120308526496,0.0,15.624173686240885,39060.43421560222,8503.0077131624,0.043382046600500074,Rendah,Yogyakarta
71,Gondokusuman,250000.0,0.0,39060.43421560222,8503.0077131624,34.0120308526496,0.0,15.624173686240885,39060.43421560222,8503.0077131624,0.043382046600500074,Rendah,Yogyakarta
71,Gondokusuman,250000.0,0.0,39060.43421560222,8503.0077131624,34.0120308526496,0.0,15.624173686240885,39060.43421560222,8503.0077131624,0.043382046600500074,Rendah,Yogyakarta
71,Gondokusuman,250000.0,0.0,39060.43421560222,8503.0077131624,34.0120308526496,0.0,15.624173686240885,39060.43421560222,8503.0077131624,0.043382046600500074,Rendah,Yogyakarta
71,Jetis,250000.0,0.0,39060.43421560222,8503.0077131624,34.0120308526496,0.0,15.624173686240885,39060.43421560222,8503.0077131624,0.043382046600500074,Rendah,Yogyakarta
71,Jetis,250000.0,0.0,39060.43421560222,8503.0077131624,34.0120308526496,0.0,15.624173686240885,39060.43421560222,8503.0077131624,0.043382046600500074,Rendah,Yogyakarta
71,Jetis,250000.0,0.0,39060.43421560222,8503.0077131624,34.0120308526496,0.0,15.624173686240885,39060.43421560222,8503.0077131624,0.043382046600500074,Rendah,Yogyakarta
72,Gondokusuman,250000.0,0.0,10379.71325976534,4980.4807431420795,19.921922972568318,0.0,4.151885303906136,10379.71325976534,4980.4807431420795,0.06568832847939282,Rendah,Yogyakarta
72,Gondokusuman,250000.0,0.0,10379.71325976534,4980.4807431420795,19.921922972568318,0.0,4.151885303906136,10379.71325976534,4980.4807431420795,0.06568832847939282,Rendah,Yogyakarta
72,Jetis,250000.0,0.0,10379.71325976534,4980.4807431420795,19.921922972568318,0.0,4.151885303906136,10379.71325976534,4980.4807431420795,0.06568832847939282,Rendah,Yogyakarta
72,Jetis,250000.0,0.0,10379.71325976534,4980.4807431420795,19.921922972568318,0.0,4.151885303906136,10379.71325976534,4980.4807431420795,0.06568832847939282,Rendah,Yogyakarta
73,Gondokusuman,250000.0,0.0,34990.77106423002,6283.293916728598,25.13317566691439,0.0,13.996308425692009,34990.77106423002,6283.293916728598,0.012312945363660024,Rendah,Yogyakarta
73,Gondokusuman,250000.0,0.0,34990.77106423002,6283.293916728598,25.13317566691439,0.0,13.996308425692009,34990.77106423002,6283.293916728598,0.012312945363660024,Rendah,Yogyakarta
73,Jetis,250000.0,0.0,34990.77106423002,6283.293916728598,25.13317566691439,0.0,13.996308425692009,34990.77106423002,6283.293916728598,0.012312945363660024,Rendah,Yogyakarta
73,Jetis,250000.0,0.0,34990.77106423002,6283.293916728598,25.13317566691439,0.0,13.996308425692009,34990.77106423002,6283.293916728598,0.012312945363660024,Rendah,Yogyakarta
74,Gondokusuman,159621.17571576993,0.0,0.0,4195.174246373577,26.282065819661238,0.0,0.0,0.0,4195.174246373577,0.13078606509706436,Sedang,Yogyakarta
74,Gondokusuman,159621.17571576993,0.0,0.0,4195.174246373577,26.282065819661238,0.0,0.0,0.0,4195.174246373577,0.13078606509706436,Sedang,Yogyakarta
74,Gondokusuman,159621.17571576993,0.0,0.0,4195.174246373577,26.282065819661238,0.0,0.0,0.0,4195.174246373577,0.13078606509706436,Sedang,Yogyakarta
74,Jetis,159621.17571576993,0.0,0.0,4195.174246373577,26.282065819661238,0.0,0.0,0.0,4195.174246373577,0.13078606509706436,Sedang,Yogyakarta
74,Jetis,159621.17571576993,0.0,0.0,4195.174246373577,26.282065819661238,0.0,0.0,0.0,4195.174246373577,0.13078606509706436,Sedang,Yogyakarta
74,Jetis,159621.17571576993,0.0,0.0,4195.174246373577,26.282065819661238,0.0,0.0,0.0,4195.174246373577,0.13078606509706436,Sedang,Yogyakarta
74,Tegalrejo,159621.17571576993,0.0,0.0,4195.174246373577,26.282065819661238,0.0,0.0,0.0,4195.174246373577,0.13078606509706436,Sedang,Yogyakarta
74,Tegalrejo,159621.17571576993,0.0,0.0,4195.174246373577,26.282065819661238,0.0,0.0,0.0,4195.174246373577,0.13078606509706436,Sedang,Yogyakarta
74,Tegalrejo,159621.17571576993,0.0,0.0,4195.174246373577,26.282065819661238,0.0,0.0,0.0,4195.174246373577,0.13078606509706436,Sedang,Yogyakarta
75,Tegalrejo,23149.861877486503,0.0,0.0,184.18256760433522,7.956097905856397,0.0,0.0,0.0,184.18256760433522,0.03959151254600139,Rendah,Yogyakarta
76,Umbulharjo,20.465980019580847,0.0,0.0,0.0,0.0,0.0,0.0,0.0,0.0,0.0,Rendah,Yogyakarta
77,Umbulharjo,45907.907379187316,0.0,0.0,897.4901252818963,19.549793848559954,0.0,0.0,0.0,897.4901252818963,0.09728461333504519,Sedang,Yogyakarta
78,Umbulharjo,168212.0362654655,0.0,0.0,4475.615781611862,26.6069888991096,0.0,0.0,0.0,4475.615781611862,0.13240296276834568,Sedang,Yogyakarta
78,Umbulharjo,168212.0362654655,0.0,0.0,4475.615781611862,26.6069888991096,0.0,0.0,0.0,4475.615781611862,0.13240296276834568,Sedang,Yogyakarta
78,Mergangsan,168212.0362654655,0.0,0.0,4475.615781611862,26.6069888991096,0.0,0.0,0.0,4475.615781611862,0.13240296276834568,Sedang,Yogyakarta
78,Mergangsan,168212.0362654655,0.0,0.0,4475.615781611862,26.6069888991096,0.0,0.0,0.0,4475.615781611862,0.13240296276834568,Sedang,Yogyakarta
79,Umbulharjo,250000.0,0.0,0.0,7073.624657780989,28.294498631123954,0.0,0.0,0.0,7073.624657780989,0.140800428902764,Sedang,Yogyakarta
79,Umbulharjo,250000.0,0.0,0.0,7073.624657780989,28.294498631123954,0.0,0.0,0.0,7073.624657780989,0.140800428902764,Sedang,Yogyakarta
79,Mergangsan,250000.0,0.0,0.0,7073.624657780989,28.294498631123954,0.0,0.0,0.0,7073.624657780989,0.140800428902764,Sedang,Yogyakarta
79,Mergangsan,250000.0,0.0,0.0,7073.624657780989,28.294498631123954,0.0,0.0,0.0,7073.624657780989,0.140800428902764,Sedang,Yogyakarta
80,Umbulharjo,250000.0,0.0,0.0,4944.02496725594,19.77609986902376,0.0,0.0,0.0,4944.02496725594,0.09841076811021873,Sedang,Yogyakarta
80,Umbulharjo,250000.0,0.0,0.0,4944.02496725594,19.77609986902376,0.0,0.0,0.0,4944.02496725594,0.09841076811021873,Sedang,Yogyakarta
80,Mergangsan,250000.0,0.0,0.0,4944.02496725594,19.77609986902376,0.0,0.0,0.0,4944.02496725594,0.09841076811021873,Sedang,Yogyakarta
80,Mergangsan,250000.0,0.0,0.0,4944.02496725594,19.77609986902376,0.0,0.0,0.0,4944.02496725594,0.09841076811021873,Sedang,Yogyakarta
81,Mergangsan,250000.0,0.0,0.0,2300.1312986032503,9.200525194413002,0.0,0.0,0.0,2300.1312986032503,0.04578409076593621,Rendah,Yogyakarta
82,Mergangsan,250000.0,0.0,0.0,8696.806722461874,34.787226889847496,0.0,0.0,0.0,8696.806722461874,0.1731098518579308,Tinggi,Yogyakarta
82,Mergangsan,250000.0,0.0,0.0,8696.806722461874,34.787226889847496,0.0,0.0,0.0,8696.806722461874,0.1731098518579308,Tinggi,Yogyakarta
82,Mergangsan,250000.0,0.0,0.0,8696.806722461874,34.787226889847496,0.0,0.0,0.0,8696.806722461874,0.1731098518579308,Tinggi,Yogyakarta
82,Gondomanan,250000.0,0.0,0.0,8696.806722461874,34.787226889847496,0.0,0.0,0.0,8696.806722461874,0.1731098518579308,Tinggi,Yogyakarta
82,Gondomanan,250000.0,0.0,0.0,8696.806722461874,34.787226889847496,0.0,0.0,0.0,8696.806722461874,0.1731098518579308,Tinggi,Yogyakarta
82,Gondomanan,250000.0,0.0,0.0,8696.806722461874,34.787226889847496,0.0,0.0,0.0,8696.806722461874,0.1731098518579308,Tinggi,Yogyakarta
82,Pakualaman,250000.0,0.0,0.0,8696.806722461874,34.787226889847496,0.0,0.0,0.0,8696.806722461874,0.1731098518579308,Tinggi,Yogyakarta
82,Pakualaman,250000.0,0.0,0.0,8696.806722461874,34.787226889847496,0.0,0.0,0.0,8696.806722461874,0.1731098518579308,Tinggi,Yogyakarta
82,Pakualaman,250000.0,0.0,0.0,8696.806722461874,34.787226889847496,0.0,0.0,0.0,8696.806722461874,0.1731098518579308,Tinggi,Yogyakarta
83,Mergangsan,250000.0,0.0,0.0,9825.627078068403,39.30250831227361,0.0,0.0,0.0,9825.627078068403,0.19557900987987042,Tinggi,Yogyakarta
83,Mergangsan,250000.0,0.0,0.0,9825.627078068403,39.30250831227361,0.0,0.0,0.0,9825.627078068403,0.19557900987987042,Tinggi,Yogyakarta
83,Mergangsan,250000.0,0.0,0.0,9825.627078068403,39.30250831227361,0.0,0.0,0.0,9825.627078068403,0.19557900987987042,Tinggi,Yogyakarta
83,Gondomanan,250000.0,0.0,0.0,9825.627078068403,39.30250831227361,0.0,0.0,0.0,9825.627078068403,0.19557900987987042,Tinggi,Yogyakarta
83,Gondomanan,250000.0,0.0,0.0,9825.627078068403,39.30250831227361,0.0,0.0,0.0,9825.627078068403,0.19557900987987042,Tinggi,Yogyakarta
83,Gondomanan,250000.0,0.0,0.0,9825.627078068403,39.30250831227361,0.0,0.0,0.0,9825.627078068403,0.19557900987987042,Tinggi,Yogyakarta
83,Pakualaman,250000.0,0.0,0.0,9825.627078068403,39.30250831227361,0.0,0.0,0.0,9825.627078068403,0.19557900987987042,Tinggi,Yogyakarta
83,Pakualaman,250000.0,0.0,0.0,9825.627078068403,39.30250831227361,0.0,0.0,0.0,9825.627078068403,0.19557900987987042,Tinggi,Yogyakarta
83,Pakualaman,250000.0,0.0,0.0,9825.627078068403,39.30250831227361,0.0,0.0,0.0,9825.627078068403,0.19557900987987042,Tinggi,Yogyakarta
84,Pakualaman,250000.0,0.0,0.0,6189.7821836625235,24.759128734650094,0.0,0.0,0.0,6189.7821836625235,0.12320755319066781,Sedang,Yogyakarta
84,Pakualaman,250000.0,0.0,0.0,6189.7821836625235,24.759128734650094,0.0,0.0,0.0,6189.7821836625235,0.12320755319066781,Sedang,Yogyakarta
84,Danurejan,250000.0,0.0,0.0,6189.7821836625235,24.759128734650094,0.0,0.0,0.0,6189.7821836625235,0.12320755319066781,Sedang,Yogyakarta
84,Danurejan,250000.0,0.0,0.0,6189.7821836625235,24.759128734650094,0.0,0.0,0.0,6189.7821836625235,0.12320755319066781,Sedang,Yogyakarta
85,Danurejan,250000.0,0.0,1355.2284653541362,3817.178002351693,15.268712009406773,0.0,0.5420913861416545,1355.2284653541362,3817.178002351693,0.07161373646685688,Rendah,Yogyakarta
86,Danurejan,250000.0,0.0,136825.4121740224,5604.763704624492,22.419054818497965,0.0,54.73016486960896,136825.4121740224,5604.763704624492,-0.18843723385270317,Rendah,Yogyakarta
86,Danurejan,250000.0,0.0,136825.4121740224,5604.763704624492,22.419054818497965,0.0,54.73016486960896,136825.4121740224,5604.763704624492,-0.18843723385270317,Rendah,Yogyakarta
86,Gondokusuman,250000.0,0.0,136825.4121740224,5604.763704624492,22.419054818497965,0.0,54.73016486960896,136825.4121740224,5604.763704624492,-0.18843723385270317,Rendah,Yogyakarta
86,Gondokusuman,250000.0,0.0,136825.4121740224,5604.763704624492,22.419054818497965,0.0,54.73016486960896,136825.4121740224,5604.763704624492,-0.18843723385270317,Rendah,Yogyakarta
87,Gondokusuman,250000.0,0.0,58.97269143781038,3235.6615353104676,12.94264614124187,0.0,0.023589076575124154,58.97269143781038,3235.6615353104676,0.06421577442008365,Rendah,Yogyakarta
88,Gondokusuman,250000.0,0.0,9273.851096597778,2374.1543990169057,9.496617596067622,0.0,3.7095404386391113,9273.851096597778,2374.1543990169057,0.017373012234393505,Rendah,Yogyakarta
89,Gondokusuman,71998.98259960007,0.0,0.0,773.2435490660822,10.739645494245877,0.0,0.0,0.0,773.2435490660822,0.053443134355103755,Rendah,Yogyakarta
90,Umbulharjo,7976.784573209118,0.0,0.0,46.57180852614171,5.8384187386178255,0.0,0.0,0.0,46.57180852614171,0.02905341682241604,Rendah,Yogyakarta
91,Umbulharjo,202505.68760652968,0.0,0.0,2120.9936456861174,10.473748519139011,0.0,0.0,0.0,2120.9936456861174,0.052119965189709454,Rendah,Yogyakarta
92,Umbulharjo,250000.0,0.0,0.0,3489.1125087425958,13.956450034970382,0.0,0.0,0.0,3489.1125087425958,0.0694507500027671,Rendah,Yogyakarta
93,Umbulharjo,250000.0,0.0,8523.265149023802,2573.4956910569413,10.293982764227765,0.0,3.409306059609521,8523.265149023802,2573.4956910569413,0.02375962324790554,Rendah,Yogyakarta
94,Umbulharjo,250000.0,0.0,0.0,5519.37287689873,22.07749150759492,0.0,0.0,0.0,5519.37287689873,0.10986306256535404,Sedang,Yogyakarta
94,Umbulharjo,250000.0,0.0,0.0,5519.37287689873,22.07749150759492,0.0,0.0,0.0,5519.37287689873,0.10986306256535404,Sedang,Yogyakarta
94,Mergangsan,250000.0,0.0,0.0,5519.37287689873,22.07749150759492,0.0,0.0,0.0,5519.37287689873,0.10986306256535404,Sedang,Yogyakarta
94,Mergangsan,250000.0,0.0,0.0,5519.37287689873,22.07749150759492,0.0,0.0,0.0,5519.37287689873,0.10986306256535404,Sedang,Yogyakarta
95,Umbulharjo,250000.0,0.0,0.0,7096.146008269405,28.38458403307762,0.0,0.0,0.0,7096.146008269405,0.1412487161616519,Sedang,Yogyakarta
95,Umbulharjo,250000.0,0.0,0.0,7096.146008269405,28.38458403307762,0.0,0.0,0.0,7096.146008269405,0.1412487161616519,Sedang,Yogyakarta
95,Mergangsan,250000.0,0.0,0.0,7096.146008269405,28.38458403307762,0.0,0.0,0.0,7096.146008269405,0.1412487161616519,Sedang,Yogyakarta
95,Mergangsan,250000.0,0.0,0.0,7096.146008269405,28.38458403307762,0.0,0.0,0.0,7096.146008269405,0.1412487161616519,Sedang,Yogyakarta
96,Umbulharjo,250000.0,0.0,0.0,9984.444392166191,39.937777568664764,0.0,0.0,0.0,9984.444392166191,0.19874026694735647,Tinggi,Yogyakarta
96,Umbulharjo,250000.0,0.0,0.0,9984.444392166191,39.937777568664764,0.0,0.0,0.0,9984.444392166191,0.19874026694735647,Tinggi,Yogyakarta
96,Umbulharjo,250000.0,0.0,0.0,9984.444392166191,39.937777568664764,0.0,0.0,0.0,9984.444392166191,0.19874026694735647,Tinggi,Yogyakarta
96,Mergangsan,250000.0,0.0,0.0,9984.444392166191,39.937777568664764,0.0,0.0,0.0,9984.444392166191,0.19874026694735647,Tinggi,Yogyakarta
96,Mergangsan,250000.0,0.0,0.0,9984.444392166191,39.937777568664764,0.0,0.0,0.0,9984.444392166191,0.19874026694735647,Tinggi,Yogyakarta
96,Mergangsan,250000.0,0.0,0.0,9984.444392166191,39.937777568664764,0.0,0.0,0.0,9984.444392166191,0.19874026694735647,Tinggi,Yogyakarta
96,Pakualaman,250000.0,0.0,0.0,9984.444392166191,39.937777568664764,0.0,0.0,0.0,9984.444392166191,0.19874026694735647,Tinggi,Yogyakarta
96,Pakualaman,250000.0,0.0,0.0,9984.444392166191,39.937777568664764,0.0,0.0,0.0,9984.444392166191,0.19874026694735647,Tinggi,Yogyakarta
96,Pakualaman,250000.0,0.0,0.0,9984.444392166191,39.937777568664764,0.0,0.0,0.0,9984.444392166191,0.19874026694735647,Tinggi,Yogyakarta
97,Umbulharjo,250000.0,0.0,0.0,9888.847454585357,39.555389818341425,0.0,0.0,0.0,9888.847454585357,0.19683741084961795,Tinggi,Yogyakarta
97,Umbulharjo,250000.0,0.0,0.0,9888.847454585357,39.555389818341425,0.0,0.0,0.0,9888.847454585357,0.19683741084961795,Tinggi,Yogyakarta
97,Umbulharjo,250000.0,0.0,0.0,9888.847454585357,39.555389818341425,0.0,0.0,0.0,9888.847454585357,0.19683741084961795,Tinggi,Yogyakarta
97,Mergangsan,250000.0,0.0,0.0,9888.847454585357,39.555389818341425,0.0,0.0,0.0,9888.847454585357,0.19683741084961795,Tinggi,Yogyakarta
97,Mergangsan,250000.0,0.0,0.0,9888.847454585357,39.555389818341425,0.0,0.0,0.0,9888.847454585357,0.19683741084961795,Tinggi,Yogyakarta
97,Mergangsan,250000.0,0.0,0.0,9888.847454585357,39.555389818341425,0.0,0.0,0.0,9888.847454585357,0.19683741084961795,Tinggi,Yogyakarta
97,Pakualaman,250000.0,0.0,0.0,9888.847454585357,39.555389818341425,0.0,0.0,0.0,9888.847454585357,0.19683741084961795,Tinggi,Yogyakarta
97,Pakualaman,250000.0,0.0,0.0,9888.847454585357,39.555389818341425,0.0,0.0,0.0,9888.847454585357,0.19683741084961795,Tinggi,Yogyakarta
97,Pakualaman,250000.0,0.0,0.0,9888.847454585357,39.555389818341425,0.0,0.0,0.0,9888.847454585357,0.19683741084961795,Tinggi,Yogyakarta
98,Umbulharjo,250000.0,0.0,0.0,15071.597536111187,60.286390144444745,0.0,0.0,0.0,15071.597536111187,0.3,Tinggi,Yogyakarta
98,Umbulharjo,250000.0,0.0,0.0,15071.597536111187,60.286390144444745,0.0,0.0,0.0,15071.597536111187,0.3,Tinggi,Yogyakarta
98,Umbulharjo,250000.0,0.0,0.0,15071.597536111187,60.286390144444745,0.0,0.0,0.0,15071.597536111187,0.3,Tinggi,Yogyakarta
98,Umbulharjo,250000.0,0.0,0.0,15071.597536111187,60.286390144444745,0.0,0.0,0.0,15071.597536111187,0.3,Tinggi,Yogyakarta
98,Pakualaman,250000.0,0.0,0.0,15071.597536111187,60.286390144444745,0.0,0.0,0.0,15071.597536111187,0.3,Tinggi,Yogyakarta
98,Pakualaman,250000.0,0.0,0.0,15071.597536111187,60.286390144444745,0.0,0.0,0.0,15071.597536111187,0.3,Tinggi,Yogyakarta
98,Pakualaman,250000.0,0.0,0.0,15071.597536111187,60.286390144444745,0.0,0.0,0.0,15071.597536111187,0.3,Tinggi,Yogyakarta
98,Pakualaman,250000.0,0.0,0.0,15071.597536111187,60.286390144444745,0.0,0.0,0.0,15071.597536111187,0.3,Tinggi,Yogyakarta
98,Danurejan,250000.0,0.0,0.0,15071.597536111187,60.286390144444745,0.0,0.0,0.0,15071.597536111187,0.3,Tinggi,Yogyakarta
98,Danurejan,250000.0,0.0,0.0,15071.597536111187,60.286390144444745,0.0,0.0,0.0,15071.597536111187,0.3,Tinggi,Yogyakarta
98,Danurejan,250000.0,0.0,0.0,15071.597536111187,60.286390144444745,0.0,0.0,0.0,15071.597536111187,0.3,Tinggi,Yogyakarta
98,Danurejan,250000.0,0.0,0.0,15071.597536111187,60.286390144444745,0.0,0.0,0.0,15071.597536111187,0.3,Tinggi,Yogyakarta
98,Gondokusuman,250000.0,0.0,0.0,15071.597536111187,60.286390144444745,0.0,0.0,0.0,15071.597536111187,0.3,Tinggi,Yogyakarta
98,Gondokusuman,250000.0,0.0,0.0,15071.597536111187,60.286390144444745,0.0,0.0,0.0,15071.597536111187,0.3,Tinggi,Yogyakarta
98,Gondokusuman,250000.0,0.0,0.0,15071.597536111187,60.286390144444745,0.0,0.0,0.0,15071.597536111187,0.3,Tinggi,Yogyakarta
98,Gondokusuman,250000.0,0.0,0.0,15071.597536111187,60.286390144444745,0.0,0.0,0.0,15071.597536111187,0.3,Tinggi,Yogyakarta
99,Danurejan,250000.0,0.0,90753.81324704069,7049.6938061749925,28.19877522469997,0.0,36.30152529881627,90753.81324704069,7049.6938061749925,-0.15212540439901473,Rendah,Yogyakarta
99,Danurejan,250000.0,0.0,90753.81324704069,7049.6938061749925,28.19877522469997,0.0,36.30152529881627,90753.81324704069,7049.6938061749925,-0.15212540439901473,Rendah,Yogyakarta
99,Gondokusuman,250000.0,0.0,90753.81324704069,7049.6938061749925,28.19877522469997,0.0,36.30152529881627,90753.81324704069,7049.6938061749925,-0.15212540439901473,Rendah,Yogyakarta
99,Gondokusuman,250000.0,0.0,90753.81324704069,7049.6938061749925,28.19877522469997,0.0,36.30152529881627,90753.81324704069,7049.6938061749925,-0.15212540439901473,Rendah,Yogyakarta
100,Danurejan,250000.0,0.0,64799.23622917392,6950.701006960833,27.802804027843333,0.0,25.91969449166957,64799.23622917392,6950.701006960833,-0.07045856714666693,Rendah,Yogyakarta
100,Danurejan,250000.0,0.0,64799.23622917392,6950.701006960833,27.802804027843333,0.0,25.91969449166957,64799.23622917392,6950.701006960833,-0.07045856714666693,Rendah,Yogyakarta
100,Gondokusuman,250000.0,0.0,64799.23622917392,6950.701006960833,27.802804027843333,0.0,25.91969449166957,64799.23622917392,6950.701006960833,-0.07045856714666693,Rendah,Yogyakarta
100,Gondokusuman,250000.0,0.0,64799.23622917392,6950.701006960833,27.802804027843333,0.0,25.91969449166957,64799.23622917392,6950.701006960833,-0.07045856714666693,Rendah,Yogyakarta
101,Gondokusuman,250000.0,0.0,0.0,2471.1652841948376,9.88466113677935,0.0,0.0,0.0,2471.1652841948376,0.04918852055876594,Rendah,Yogyakarta
102,Gondokusuman,179424.65106494576,0.0,0.0,2728.9553506064153,15.209478376628551,0.0,0.0,0.0,2728.9553506064153,0.075686129191947,Rendah,Yogyakarta
103,Gondokusuman,1380.6352735745322,0.0,0.0,0.0,0.0,0.0,0.0,0.0,0.0,0.0,Rendah,Yogyakarta
104,Umbulharjo,14828.96138420383,0.0,0.0,228.53595695429505,15.411460791700295,0.0,0.0,0.0,228.53595695429505,0.07669124368588734,Rendah,Yogyakarta
105,Umbulharjo,142994.25358099036,0.0,0.0,997.7793280157939,6.977758217750078,0.0,0.0,0.0,997.7793280157939,0.03472305209035507,Rendah,Yogyakarta
106,Umbulharjo,250000.0,0.0,0.0,3652.6228998331167,14.610491599332466,0.0,0.0,0.0,3652.6228998331167,0.07270542272141065,Rendah,Yogyakarta
107,Umbulharjo,250000.0,0.0,0.0,2985.8363506558326,11.943345402623331,0.0,0.0,0.0,2985.8363506558326,0.05943304305005173,Rendah,Yogyakarta
108,Umbulharjo,250000.0,0.0,0.0,3222.8053352470083,12.891221340988034,0.0,0.0,0.0,3222.8053352470083,0.06414990834631652,Rendah,Yogyakarta
109,Umbulharjo,250000.0,0.0,0.0,3796.3823670172274,15.185529468068909,0.0,0.0,0.0,3796.3823670172274,0.07556695349490031,Rendah,Yogyakarta
110,Umbulharjo,250000.0,0.0,0.0,8040.366679783122,32.16146671913249,0.0,0.0,0.0,8040.366679783122,0.16004341929616808,Tinggi,Yogyakarta
110,Umbulharjo,250000.0,0.0,0.0,8040.366679783122,32.16146671913249,0.0,0.0,0.0,8040.366679783122,0.16004341929616808,Tinggi,Yogyakarta
110,Mergangsan,250000.0,0.0,0.0,8040.366679783122,32.16146671913249,0.0,0.0,0.0,8040.366679783122,0.16004341929616808,Tinggi,Yogyakarta
110,Mergangsan,250000.0,0.0,0.0,8040.366679783122,32.16146671913249,0.0,0.0,0.0,8040.366679783122,0.16004341929616808,Tinggi,Yogyakarta
111,Umbulharjo,250000.0,0.0,67027.76038522595,7631.507959228364,30.526031836913454,0.0,26.81110415409038,67027.76038522595,7631.507959228364,-0.06408841582824093,Rendah,Yogyakarta
111,Umbulharjo,250000.0,0.0,67027.76038522595,7631.507959228364,30.526031836913454,0.0,26.81110415409038,67027.76038522595,7631.507959228364,-0.06408841582824093,Rendah,Yogyakarta
111,Mergangsan,250000.0,0.0,67027.76038522595,7631.507959228364,30.526031836913454,0.0,26.81110415409038,67027.76038522595,7631.507959228364,-0.06408841582824093,Rendah,Yogyakarta
111,Mergangsan,250000.0,0.0,67027.76038522595,7631.507959228364,30.526031836913454,0.0,26.81110415409038,67027.76038522595,7631.507959228364,-0.06408841582824093,Rendah,Yogyakarta
112,Umbulharjo,250000.0,0.0,0.0,5113.251498394072,20.453005993576287,0.0,0.0,0.0,5113.251498394072,0.10177922054001595,Sedang,Yogyakarta
112,Umbulharjo,250000.0,0.0,0.0,5113.251498394072,20.453005993576287,0.0,0.0,0.0,5113.251498394072,0.10177922054001595,Sedang,Yogyakarta
112,Gondokusuman,250000.0,0.0,0.0,5113.251498394072,20.453005993576287,0.0,0.0,0.0,5113.251498394072,0.10177922054001595,Sedang,Yogyakarta
112,Gondokusuman,250000.0,0.0,0.0,5113.251498394072,20.453005993576287,0.0,0.0,0.0,5113.251498394072,0.10177922054001595,Sedang,Yogyakarta
113,Umbulharjo,250000.0,0.0,0.0,9268.82695191242,37.07530780764968,0.0,0.0,0.0,9268.82695191242,0.18449590887172773,Tinggi,Yogyakarta
113,Umbulharjo,250000.0,0.0,0.0,9268.82695191242,37.07530780764968,0.0,0.0,0.0,9268.82695191242,0.18449590887172773,Tinggi,Yogyakarta
113,Gondokusuman,250000.0,0.0,0.0,9268.82695191242,37.07530780764968,0.0,0.0,0.0,9268.82695191242,0.18449590887172773,Tinggi,Yogyakarta
113,Gondokusuman,250000.0,0.0,0.0,9268.82695191242,37.07530780764968,0.0,0.0,0.0,9268.82695191242,0.18449590887172773,Tinggi,Yogyakarta
114,Gondokusuman,250000.0,0.0,37565.61043535465,2485.8376875340655,9.943350750136261,0.0,15.026244174141858,37565.61043535465,2485.8376875340655,-0.07157267063265596,Rendah,Yogyakarta
115,Gondokusuman,250000.0,0.0,0.0,3616.8089374413557,14.467235749765424,0.0,0.0,0.0,3616.8089374413557,0.07199254615396082,Rendah,Yogyakarta
116,Gondokusuman,60130.49651627166,0.0,0.0,679.331401444491,11.297618360105508,0.0,0.0,0.0,679.331401444491,0.056219745450192087,Rendah,Yogyakarta
117,Umbulharjo,110557.00513483268,0.0,0.0,1432.328244097371,12.955562990789572,0.0,0.0,0.0,1432.328244097371,0.06447008832216534,Rendah,Yogyakarta
118,Umbulharjo,184563.18030062062,0.0,0.0,2400.4145246061853,13.005923070334704,0.0,0.0,0.0,2400.4145246061853,0.06472069254357156,Rendah,Yogyakarta
119,Umbulharjo,246132.68845525265,0.0,0.0,2183.05823553514,8.869436437866819,0.0,0.0,0.0,2183.05823553514,0.0441365111592311,Rendah,Yogyakarta
120,Umbulharjo,250000.0,0.0,8287.148290288906,2087.371023175331,8.349484092701324,0.0,3.314859316115562,8287.148290288906,2087.371023175331,0.014844190956948982,Rendah,Yogyakarta
121,Umbulharjo,250000.0,0.0,1099.3105596058786,2879.6860075573054,11.518744030229222,0.0,0.43972422384235144,1099.3105596058786,2879.6860075573054,0.0537776498490464,Rendah,Yogyakarta
122,Umbulharjo,250000.0,0.0,0.0,3110.926593015938,12.443706372063753,0.0,0.0,0.0,3110.926593015938,0.061922963087932104,Rendah,Yogyakarta
123,Umbulharjo,250000.0,0.0,0.0,4672.631906967179,18.690527627868715,0.0,0.0,0.0,4672.631906967179,0.09300869192741508,Sedang,Yogyakarta
124,Umbulharjo,250000.0,0.0,0.0,2974.6973893582012,11.898789557432805,0.0,0.0,0.0,2974.6973893582012,0.05921132213551146,Rendah,Yogyakarta
125,Umbulharjo,250000.0,0.0,0.0,3374.967473791251,13.499869895165004,0.0,0.0,0.0,3374.967473791251,0.06717869421018395,Rendah,Yogyakarta
126,Umbulharjo,250000.0,0.0,0.0,3690.8100427154313,14.763240170861724,0.0,0.0,0.0,3690.8100427154313,0.07346553742307022,Rendah,Yogyakarta
127,Umbulharjo,250000.0,0.0,0.0,8597.557165774937,34.39022866309975,0.0,0.0,0.0,8597.557165774937,0.17113429041298503,Tinggi,Yogyakarta
127,Umbulharjo,250000.0,0.0,0.0,8597.557165774937,34.39022866309975,0.0,0.0,0.0,8597.557165774937,0.17113429041298503,Tinggi,Yogyakarta
127,Gondokusuman,250000.0,0.0,0.0,8597.557165774937,34.39022866309975,0.0,0.0,0.0,8597.557165774937,0.17113429041298503,Tinggi,Yogyakarta
127,Gondokusuman,250000.0,0.0,0.0,8597.557165774937,34.39022866309975,0.0,0.0,0.0,8597.557165774937,0.17113429041298503,Tinggi,Yogyakarta
128,Gondokusuman,250000.0,0.0,34268.09281929539,4314.728096517228,17.25891238606891,0.0,13.707237127718155,34268.09281929539,4314.728096517228,-0.02454254440091856,Rendah,Yogyakarta
129,Gondokusuman,250000.0,0.0,0.0,3495.242307009597,13.980969228038388,0.0,0.0,0.0,3495.242307009597,0.06957276357668947,Rendah,Yogyakarta
130,Gondokusuman,62574.474331855476,0.0,0.0,1023.4459946409921,16.35564670049454,0.0,0.0,0.0,1023.4459946409921,0.0813897464816195,Rendah,Yogyakarta
131,Umbulharjo,68600.47166469808,0.0,0.0,2192.5288237120562,31.960841820863678,0.0,0.0,0.0,2192.5288237120562,0.15904506014186418,Tinggi,Yogyakarta
132,Umbulharjo,249979.3190430941,0.0,0.0,1795.9578965470162,7.184425909398569,0.0,0.0,0.0,1795.9578965470162,0.035751481680284004,Rendah,Yogyakarta
133,Kotagede,207170.1357247191,0.0,0.0,3440.0105346671867,16.604760732686685,0.0,0.0,0.0,3440.0105346671867,0.0826293995688019,Rendah,Yogyakarta
133,Kotagede,207170.1357247191,0.0,0.0,3440.0105346671867,16.604760732686685,0.0,0.0,0.0,3440.0105346671867,0.0826293995688019,Rendah,Yogyakarta
133,Umbulharjo,207170.1357247191,0.0,0.0,3440.0105346671867,16.604760732686685,0.0,0.0,0.0,3440.0105346671867,0.0826293995688019,Rendah,Yogyakarta
133,Umbulharjo,207170.1357247191,0.0,0.0,3440.0105346671867,16.604760732686685,0.0,0.0,0.0,3440.0105346671867,0.0826293995688019,Rendah,Yogyakarta
134,Kotagede,248296.50296115447,0.0,0.0,5444.289125514477,21.926563848409195,0.0,0.0,0.0,5444.289125514477,0.10911200917424484,Sedang,Yogyakarta
134,Kotagede,248296.50296115447,0.0,0.0,5444.289125514477,21.926563848409195,0.0,0.0,0.0,5444.289125514477,0.10911200917424484,Sedang,Yogyakarta
134,Umbulharjo,248296.50296115447,0.0,0.0,5444.289125514477,21.926563848409195,0.0,0.0,0.0,5444.289125514477,0.10911200917424484,Sedang,Yogyakarta
134,Umbulharjo,248296.50296115447,0.0,0.0,5444.289125514477,21.926563848409195,0.0,0.0,0.0,5444.289125514477,0.10911200917424484,Sedang,Yogyakarta
135,Kotagede,250000.0,0.0,0.0,6261.139840141664,25.044559360566655,0.0,0.0,0.0,6261.139840141664,0.12462792663763989,Sedang,Yogyakarta
135,Kotagede,250000.0,0.0,0.0,6261.139840141664,25.044559360566655,0.0,0.0,0.0,6261.139840141664,0.12462792663763989,Sedang,Yogyakarta
135,Umbulharjo,250000.0,0.0,0.0,6261.139840141664,25.044559360566655,0.0,0.0,0.0,6261.139840141664,0.12462792663763989,Sedang,Yogyakarta
135,Umbulharjo,250000.0,0.0,0.0,6261.139840141664,25.044559360566655,0.0,0.0,0.0,6261.139840141664,0.12462792663763989,Sedang,Yogyakarta
136,Kotagede,250000.0,0.0,0.0,5283.087157554654,21.13234863021862,0.0,0.0,0.0,5283.087157554654,0.1051597976570799,Sedang,Yogyakarta
136,Kotagede,250000.0,0.0,0.0,5283.087157554654,21.13234863021862,0.0,0.0,0.0,5283.087157554654,0.1051597976570799,Sedang,Yogyakarta
136,Umbulharjo,250000.0,0.0,0.0,5283.087157554654,21.13234863021862,0.0,0.0,0.0,5283.087157554654,0.1051597976570799,Sedang,Yogyakarta
136,Umbulharjo,250000.0,0.0,0.0,5283.087157554654,21.13234863021862,0.0,0.0,0.0,5283.087157554654,0.1051597976570799,Sedang,Yogyakarta
137,Kotagede,250000.0,0.0,0.0,7561.539900157126,30.246159600628502,0.0,0.0,0.0,7561.539900157126,0.15051237698007508,Sedang,Yogyakarta
137,Kotagede,250000.0,0.0,0.0,7561.539900157126,30.246159600628502,0.0,0.0,0.0,7561.539900157126,0.15051237698007508,Sedang,Yogyakarta
137,Umbulharjo,250000.0,0.0,0.0,7561.539900157126,30.246159600628502,0.0,0.0,0.0,7561.539900157126,0.15051237698007508,Sedang,Yogyakarta
137,Umbulharjo,250000.0,0.0,0.0,7561.539900157126,30.246159600628502,0.0,0.0,0.0,7561.539900157126,0.15051237698007508,Sedang,Yogyakarta
138,Umbulharjo,250000.0,0.0,0.0,3640.426178847308,14.561704715389233,0.0,0.0,0.0,3640.426178847308,0.07246264711073132,Rendah,Yogyakarta
139,Umbulharjo,250000.0,0.0,0.0,2835.4769984993213,11.341907993997285,0.0,0.0,0.0,2835.4769984993213,0.05644014163141471,Rendah,Yogyakarta
140,Umbulharjo,250000.0,0.0,0.0,3175.1585977995755,12.700634391198303,0.0,0.0,0.0,3175.1585977995755,0.06320150050832976,Rendah,Yogyakarta
141,Umbulharjo,250000.0,0.0,0.0,5443.202811123752,21.77281124449501,0.0,0.0,0.0,5443.202811123752,0.10834689815891053,Sedang,Yogyakarta
141,Umbulharjo,250000.0,0.0,0.0,5443.202811123752,21.77281124449501,0.0,0.0,0.0,5443.202811123752,0.10834689815891053,Sedang,Yogyakarta
141,Gondokusuman,250000.0,0.0,0.0,5443.202811123752,21.77281124449501,0.0,0.0,0.0,5443.202811123752,0.10834689815891053,Sedang,Yogyakarta
141,Gondokusuman,250000.0,0.0,0.0,5443.202811123752,21.77281124449501,0.0,0.0,0.0,5443.202811123752,0.10834689815891053,Sedang,Yogyakarta
142,Gondokusuman,238762.87893141777,0.0,0.0,3426.963491771042,14.352999541253658,0.0,0.0,0.0,3426.963491771042,0.07142407850361025,Rendah,Yogyakarta
143,Gondokusuman,102724.14662560311,0.0,0.0,1480.4102114699954,14.411511412848435,0.0,0.0,0.0,1480.4102114699954,0.07171524806006198,Rendah,Yogyakarta
144,Gondokusuman,8321.509509507341,0.0,0.0,166.24339532076718,19.97755276621793,0.0,0.0,0.0,166.24339532076718,0.09941324759212912,Sedang,Yogyakarta
145,Umbulharjo,7512.195108102758,0.0,0.0,71.67729418908297,9.541458010291937,0.0,0.0,0.0,71.67729418908297,0.04748065684857312,Rendah,Yogyakarta
146,Kotagede,83245.99790361988,0.0,0.0,318.4746790162086,3.8257055838880154,0.0,0.0,0.0,318.4746790162086,0.019037657959226205,Rendah,Yogyakarta
146,Kotagede,83245.99790361988,0.0,0.0,318.4746790162086,3.8257055838880154,0.0,0.0,0.0,318.4746790162086,0.019037657959226205,Rendah,Yogyakarta
146,Umbulharjo,83245.99790361988,0.0,0.0,318.4746790162086,3.8257055838880154,0.0,0.0,0.0,318.4746790162086,0.019037657959226205,Rendah,Yogyakarta
146,Umbulharjo,83245.99790361988,0.0,0.0,318.4746790162086,3.8257055838880154,0.0,0.0,0.0,318.4746790162086,0.019037657959226205,Rendah,Yogyakarta
147,Kotagede,56694.75393423255,0.0,0.0,358.67368310310746,6.326399855605312,0.0,0.0,0.0,358.67368310310746,0.03148173165011577,Rendah,Yogyakarta
148,Kotagede,250000.0,0.0,22122.04819426131,5484.842683188188,21.939370732752753,0.0,8.848819277704525,22122.04819426131,5484.842683188188,0.03788857824138024,Rendah,Yogyakarta
148,Kotagede,250000.0,0.0,22122.04819426131,5484.842683188188,21.939370732752753,0.0,8.848819277704525,22122.04819426131,5484.842683188188,0.03788857824138024,Rendah,Yogyakarta
148,Umbulharjo,250000.0,0.0,22122.04819426131,5484.842683188188,21.939370732752753,0.0,8.848819277704525,22122.04819426131,5484.842683188188,0.03788857824138024,Rendah,Yogyakarta
148,Umbulharjo,250000.0,0.0,22122.04819426131,5484.842683188188,21.939370732752753,0.0,8.848819277704525,22122.04819426131,5484.842683188188,0.03788857824138024,Rendah,Yogyakarta
149,Kotagede,250000.0,0.0,0.0,8014.0172671441,32.0560690685764,0.0,0.0,0.0,8014.0172671441,0.15951893449800605,Tinggi,Yogyakarta
149,Kotagede,250000.0,0.0,0.0,8014.0172671441,32.0560690685764,0.0,0.0,0.0,8014.0172671441,0.15951893449800605,Tinggi,Yogyakarta
149,Umbulharjo,250000.0,0.0,0.0,8014.0172671441,32.0560690685764,0.0,0.0,0.0,8014.0172671441,0.15951893449800605,Tinggi,Yogyakarta
149,Umbulharjo,250000.0,0.0,0.0,8014.0172671441,32.0560690685764,0.0,0.0,0.0,8014.0172671441,0.15951893449800605,Tinggi,Yogyakarta
150,Kotagede,250000.0,0.0,0.0,3739.2926847952,14.9571707391808,0.0,0.0,0.0,3739.2926847952,0.07443058393450219,Rendah,Yogyakarta
151,Kotagede,250000.0,0.0,0.0,4614.419825148968,18.45767930059587,0.0,0.0,0.0,4614.419825148968,0.09184998101414786,Sedang,Yogyakarta
151,Kotagede,250000.0,0.0,0.0,4614.419825148968,18.45767930059587,0.0,0.0,0.0,4614.419825148968,0.09184998101414786,Sedang,Yogyakarta
151,Umbulharjo,250000.0,0.0,0.0,4614.419825148968,18.45767930059587,0.0,0.0,0.0,4614.419825148968,0.09184998101414786,Sedang,Yogyakarta
151,Umbulharjo,250000.0,0.0,0.0,4614.419825148968,18.45767930059587,0.0,0.0,0.0,4614.419825148968,0.09184998101414786,Sedang,Yogyakarta
152,Kotagede,250000.0,0.0,0.0,2799.9434615990576,11.19977384639623,0.0,0.0,0.0,2799.9434615990576,0.05573284693060162,Rendah,Yogyakarta
152,Kotagede,250000.0,0.0,0.0,2799.9434615990576,11.19977384639623,0.0,0.0,0.0,2799.9434615990576,0.05573284693060162,Rendah,Yogyakarta
152,Umbulharjo,250000.0,0.0,0.0,2799.9434615990576,11.19977384639623,0.0,0.0,0.0,2799.9434615990576,0.05573284693060162,Rendah,Yogyakarta
152,Umbulharjo,250000.0,0.0,0.0,2799.9434615990576,11.19977384639623,0.0,0.0,0.0,2799.9434615990576,0.05573284693060162,Rendah,Yogyakarta
153,Kotagede,225912.7084532685,0.0,0.0,4001.973253262654,17.714688477078248,0.0,0.0,0.0,4001.973253262654,0.08815267476440841,Sedang,Yogyakarta
153,Kotagede,225912.7084532685,0.0,0.0,4001.973253262654,17.714688477078248,0.0,0.0,0.0,4001.973253262654,0.08815267476440841,Sedang,Yogyakarta
153,Umbulharjo,225912.7084532685,0.0,0.0,4001.973253262654,17.714688477078248,0.0,0.0,0.0,4001.973253262654,0.08815267476440841,Sedang,Yogyakarta
153,Umbulharjo,225912.7084532685,0.0,0.0,4001.973253262654,17.714688477078248,0.0,0.0,0.0,4001.973253262654,0.08815267476440841,Sedang,Yogyakarta
154,Umbulharjo,144309.58166984902,0.0,0.0,2611.8752343642623,18.099111674647506,0.0,0.0,0.0,2611.8752343642623,0.09006565975147525,Sedang,Yogyakarta
155,Umbulharjo,82044.15308614721,0.0,0.0,1621.3759596968303,19.762236536153512,0.0,0.0,0.0,1621.3759596968303,0.09834178073427684,Sedang,Yogyakarta
155,Umbulharjo,82044.15308614721,0.0,0.0,1621.3759596968303,19.762236536153512,0.0,0.0,0.0,1621.3759596968303,0.09834178073427684,Sedang,Yogyakarta
155,Gondokusuman,82044.15308614721,0.0,0.0,1621.3759596968303,19.762236536153512,0.0,0.0,0.0,1621.3759596968303,0.09834178073427684,Sedang,Yogyakarta
155,Gondokusuman,82044.15308614721,0.0,0.0,1621.3759596968303,19.762236536153512,0.0,0.0,0.0,1621.3759596968303,0.09834178073427684,Sedang,Yogyakarta
156,Umbulharjo,77960.35607736952,0.0,0.0,2453.6516228497885,31.473068445386936,0.0,0.0,0.0,2453.6516228497885,0.156617779087344,Tinggi,Yogyakarta
156,Umbulharjo,77960.35607736952,0.0,0.0,2453.6516228497885,31.473068445386936,0.0,0.0,0.0,2453.6516228497885,0.156617779087344,Tinggi,Yogyakarta
156,Gondokusuman,77960.35607736952,0.0,0.0,2453.6516228497885,31.473068445386936,0.0,0.0,0.0,2453.6516228497885,0.156617779087344,Tinggi,Yogyakarta
156,Gondokusuman,77960.35607736952,0.0,0.0,2453.6516228497885,31.473068445386936,0.0,0.0,0.0,2453.6516228497885,0.156617779087344,Tinggi,Yogyakarta
157,Kotagede,82437.09030365506,0.0,0.0,558.3157565737296,6.7726281279116805,0.0,0.0,0.0,558.3157565737296,0.033702273987634486,Rendah,Yogyakarta
158,Kotagede,238723.45272399057,0.0,0.0,2200.8890951378626,9.219408776239955,0.0,0.0,0.0,2200.8890951378626,0.04587806014334483,Rendah,Yogyakarta
159,Kotagede,242711.55856396916,0.0,0.0,2105.513828077398,8.674963155998473,0.0,0.0,0.0,2105.513828077398,0.043168763970840525,Rendah,Yogyakarta
160,Kotagede,200455.72037332828,0.0,0.0,2782.1563768433425,13.879156811598394,0.0,0.0,0.0,2782.1563768433425,0.06906611979093921,Rendah,Yogyakarta
161,Kotagede,169177.39799150891,0.0,0.0,2043.1475678137429,12.076953494203105,0.0,0.0,0.0,2043.1475678137429,0.06009790998565521,Rendah,Yogyakarta
162,Kotagede,173183.55410072661,0.0,0.0,2673.592514505469,15.437912268219536,0.0,0.0,0.0,2673.592514505469,0.0768228727805596,Rendah,Yogyakarta
163,Kotagede,176709.76674816644,0.0,0.0,2263.8219358234433,12.810961032219986,0.0,0.0,0.0,2263.8219358234433,0.0637505131831176,Rendah,Yogyakarta
164,Kotagede,65217.68422566667,0.0,0.0,822.4913582727324,12.611477516232288,0.0,0.0,0.0,822.4913582727324,0.06275783382956994,Rendah,Yogyakarta
165,Kotagede,5154.272873872087,0.0,0.0,81.46549348140852,15.805428908192148,0.0,0.0,0.0,81.46549348140852,0.07865172655215906,Rendah,Yogyakarta
166,Kotagede,75810.8651612979,0.0,0.0,675.8274302581874,8.91465133421539,0.0,0.0,0.0,675.8274302581874,0.04436151167546821,Rendah,Yogyakarta
167,Kotagede,63435.305070522336,0.0,0.0,410.568388706682,6.472237947783882,0.0,0.0,0.0,410.568388706682,0.032207458095980974,Rendah,Yogyakarta
168,Kotagede,470.80013376475983,0.0,0.0,0.0,0.0,0.0,0.0,0.0,0.0,0.0,Rendah,Yogyakarta
